CREATE DATABASE gympages;

use gympages;

DROP TRIGGER IF EXISTS my_trigger;
DROP TABLE IF EXISTS friends;
DROP TABLE IF EXISTS comments;
DROP TABLE IF EXISTS posts;
DROP TABLE IF EXISTS reviews;
DROP TABLE IF EXISTS profiles;
DROP TABLE IF EXISTS gym_equipment;
DROP TABLE IF EXISTS exercises;
DROP TABLE IF EXISTS equipment;
DROP TABLE IF EXISTS users;
DROP TABLE IF EXISTS gyms;

CREATE TABLE equipment (
  equipment_id INT NOT NULL AUTO_INCREMENT,
  equipment_name VARCHAR(255) NOT NULL,
  description TEXT,
  PRIMARY KEY (equipment_id)
);

CREATE TABLE gyms (
  gym_id VARCHAR(255) NOT NULL,
  gym_name VARCHAR(255) NOT NULL,
  location POINT NOT NULL,
  street_address VARCHAR(255) NOT NULL,
  city VARCHAR(255) NOT NULL,
  zip INT NOT NULL,
  state VARCHAR(2) NOT NULL,
  phone_number VARCHAR(14) DEFAULT NULL,
  PRIMARY KEY (gym_id)
);

CREATE TABLE users (
  user_id INT NOT NULL PRIMARY KEY,
  email VARCHAR(255) NOT NULL,
  username VARCHAR(255) NOT NULL,
  firstname VARCHAR(255),
  lastname VARCHAR(255),
  pass_hash VARCHAR(255),
  gym_member VARCHAR(255),
  member_id INT
);

CREATE TABLE profiles (
  user_id INT NOT NULL,
  visibility ENUM('public', 'private') DEFAULT 'public',
  max_bench INT DEFAULT NULL,
  max_squat INT DEFAULT NULL,
  max_dead INT DEFAULT NULL,
  PRIMARY KEY (user_id),
  FOREIGN KEY (user_id) REFERENCES users (user_id) ON DELETE CASCADE
);

INSERT INTO users (user_id, email, username, firstname, lastname, pass_hash) VALUES (-1, 'yelpreviewer@yelp.com', 'yelp-reviewer', 'yelp', 'reviewer', 'password');
INSERT INTO users (user_id, email, username, firstname, lastname, pass_hash) VALUES (0, 'admin@admin.admin', 'admin', 'gympages', 'admin', '$2b$10$KOps3nRpXSJN/IAiRSwHEOeH11uWkYMmTpz6rYxDsmXrYk0QVoibW');

ALTER TABLE users MODIFY user_id INT NOT NULL AUTO_INCREMENT PRIMARY KEY;
ALTER TABLE users AUTO_INCREMENT = 1;

CREATE TABLE friends (
  user1_id INT NOT NULL,
  user2_id INT NOT NULL,
  status ENUM('pending', 'accepted', 'denied') DEFAULT 'pending',
  PRIMARY KEY (user1_id, user2_id),
  FOREIGN KEY (user1_id) REFERENCES users (user_id) ON DELETE CASCADE,
  FOREIGN KEY (user2_id) REFERENCES users (user_id) ON DELETE CASCADE
);

CREATE TABLE gym_equipment (
  gym_id VARCHAR(255) NOT NULL,
  equipment_id INT NOT NULL,
  PRIMARY KEY (gym_id, equipment_id),
  FOREIGN KEY (gym_id) REFERENCES gyms (gym_id) ON DELETE CASCADE,
  FOREIGN KEY (equipment_id) REFERENCES equipment (equipment_id) ON DELETE CASCADE
);

CREATE TABLE exercises (
  exercise_id VARCHAR(255) NOT NULL,
  exercise_name VARCHAR(255) NOT NULL,
  motion VARCHAR(10) DEFAULT NULL,
  level VARCHAR(20) DEFAULT NULL,
  mechanic VARCHAR(20) DEFAULT NULL,
  related_equip_id INT DEFAULT NULL,
  muscle_group VARCHAR(50) DEFAULT NULL,
  body TEXT,
  video_link VARCHAR(255) DEFAULT NULL,
  PRIMARY KEY (exercise_id),
  FOREIGN KEY (related_equip_id) REFERENCES equipment (equipment_id)
);

CREATE TABLE posts (
  post_id INT NOT NULL AUTO_INCREMENT,
  gym_id VARCHAR(255) NOT NULL,
  user_id INT NOT NULL,
  body TEXT NOT NULL,
  photo_ref VARCHAR(255) DEFAULT NULL,
  likes INT NOT NULL DEFAULT 0,
  post_date TIMESTAMP NULL DEFAULT CURRENT_TIMESTAMP,
  PRIMARY KEY (post_id),
  FOREIGN KEY (gym_id) REFERENCES gyms (gym_id) ON DELETE CASCADE,
  FOREIGN KEY (user_id) REFERENCES users (user_id) ON DELETE CASCADE
);

CREATE TABLE comments (
  comment_id INT NOT NULL AUTO_INCREMENT,
  post_id INT NOT NULL,
  user_id INT NOT NULL,
  body TEXT NOT NULL,
  comment_date TIMESTAMP NULL DEFAULT CURRENT_TIMESTAMP,
  PRIMARY KEY (comment_id)
);

CREATE TABLE reviews (
  review_id INT NOT NULL AUTO_INCREMENT,
  gym_id VARCHAR(255) NOT NULL,
  user_id INT NOT NULL,
  rating INT NOT NULL,
  body TEXT,
  photo_ref VARCHAR(255) DEFAULT NULL,
  review_date TIMESTAMP NULL DEFAULT CURRENT_TIMESTAMP,
  PRIMARY KEY (review_id),
  FOREIGN KEY (gym_id) REFERENCES gyms (gym_id) ON DELETE CASCADE,
  FOREIGN KEY (user_id) REFERENCES users (user_id) ON DELETE CASCADE,
  CHECK (rating BETWEEN 1 AND 5)
);

DELIMITER //

CREATE TRIGGER my_trigger
AFTER INSERT ON users
FOR EACH ROW
BEGIN
  -- semicolons inside the body are fine now
  INSERT INTO profiles (user_id) VALUES (NEW.user_id);
END;
//

DELIMITER ;

-- gym information queries
INSERT INTO gyms (gym_id, gym_name, location, street_address, city, zip, state, phone_number) VALUES ('2qDUnhRCLkYab9y-1NfdmQ', 'Ultimate Gym', ST_GeomFromText('POINT(40.74819 -73.50498)'), '67 Bloomingdale Rd', 'Hicksville', 11801, 'NY', '(516) 513-0139');
INSERT INTO gyms (gym_id, gym_name, location, street_address, city, zip, state, phone_number) VALUES ('tnK2OlNVuRgN-Nwf4yMkzg', 'Blink Fitness', ST_GeomFromText('POINT(40.773126 -73.531514)'), '358 N Broadway Mall', 'Hicksville', 11801, 'NY', '(516) 595-8431');
INSERT INTO gyms (gym_id, gym_name, location, street_address, city, zip, state, phone_number) VALUES ('Vc8zN7vXpmmnfw8nTm0FoQ', 'Sparta Gym', ST_GeomFromText('POINT(40.75542142770241 -73.5824513)'), '463 Union Ave', 'Westbury', 11590, 'NY', '(516) 279-4055');
INSERT INTO gyms (gym_id, gym_name, location, street_address, city, zip, state, phone_number) VALUES ('4uoQVZ4Q6CO-aVI0TzCl6Q', 'Life Time', ST_GeomFromText('POINT(40.79576 -73.51729)'), '350 Robbins Ln', 'Syosset', 11791, 'NY', '(516) 822-1777');
INSERT INTO gyms (gym_id, gym_name, location, street_address, city, zip, state, phone_number) VALUES ('Or3cP2kT5Mh205TohHknzQ', 'Clubfit247', ST_GeomFromText('POINT(40.77902 -73.56063)'), '99 Jericho Tpke', 'Jericho', 11590, 'NY', '(516) 307-8100');
INSERT INTO gyms (gym_id, gym_name, location, street_address, city, zip, state, phone_number) VALUES ('g4Y5pz_6d4YgpnciQH4_EQ', 'Equinox', ST_GeomFromText('POINT(40.81141 -73.48911)'), '7550 Jericho Tpke', 'Woodbury', 11797, 'NY', '(516) 714-8100');
INSERT INTO gyms (gym_id, gym_name, location, street_address, city, zip, state, phone_number) VALUES ('1eDc1V0xp1nSoq2eui_ESQ', 'LA Fitness', ST_GeomFromText('POINT(40.7282852896798 -73.50139778528494)'), '3601C Hempstead Tpke', 'Levittown', 11756, 'NY', '(516) 342-8135');
INSERT INTO gyms (gym_id, gym_name, location, street_address, city, zip, state, phone_number) VALUES ('x-IqFJKPoyW4INAJHf70iA', 'Crunch Fitness', ST_GeomFromText('POINT(40.72520589243897 -73.54258534127334)'), '2501 Hempstead Turnpike', 'East Meadow', 11554, 'NY', '(516) 495-4430');
INSERT INTO gyms (gym_id, gym_name, location, street_address, city, zip, state, phone_number) VALUES ('XXBmsClHhwHATBZkKVoK1w', 'DCS Fitness', ST_GeomFromText('POINT(40.76945 -73.5222)'), '81 E Barclay St', 'Hicksville', 11801, 'NY', '(516) 353-7407');
INSERT INTO gyms (gym_id, gym_name, location, street_address, city, zip, state, phone_number) VALUES ('CPpiET0ozLyuG1Hg5pa17w', 'Planet Fitness', ST_GeomFromText('POINT(40.74216935984451 -73.49718388823909)'), '1040 S Broadway', 'Hicksville', 11801, 'NY', '(516) 861-2109');
INSERT INTO gyms (gym_id, gym_name, location, street_address, city, zip, state, phone_number) VALUES ('2mtvooUikAqce7XEXXhWew', 'HOTWORX Bethpage NY', ST_GeomFromText('POINT(40.7420438 -73.496872)'), '635 Hicksville Rd', 'Bethpage', 11714, 'NY', '(516) 300-1339');
INSERT INTO gyms (gym_id, gym_name, location, street_address, city, zip, state, phone_number) VALUES ('hIeg7TgV8Z4BxsD3sJ_ldQ', 'F45 Training Plainview NY', ST_GeomFromText('POINT(40.775912 -73.46487)'), '1161 Old Country Rd', 'Plainview', 11803, 'NY', '(516) 938-1026');
INSERT INTO gyms (gym_id, gym_name, location, street_address, city, zip, state, phone_number) VALUES ('Vy2N3YKGp3FJcaosROwjvw', 'New York Sports Club', ST_GeomFromText('POINT(40.72749 -73.6344855)'), '833 Franklin Ave', 'Garden City', 11530, 'NY', '(516) 741-1500');
INSERT INTO gyms (gym_id, gym_name, location, street_address, city, zip, state, phone_number) VALUES ('HKQHujRFHIPCJCpS0igKJg', 'Life Time', ST_GeomFromText('POINT(40.73919 -73.60457)'), '750 Zeckendorf Blvd', 'Garden City', 11530, 'NY', '(516) 580-7100');
INSERT INTO gyms (gym_id, gym_name, location, street_address, city, zip, state, phone_number) VALUES ('Iyu9QuIjmzISc5zMcgXQ1w', 'Training for Warriors', ST_GeomFromText('POINT(40.74819 -73.50498)'), '67 Bloomingdale Rd', 'Hicksville', 11801, 'NY', '(516) 937-3740');
INSERT INTO gyms (gym_id, gym_name, location, street_address, city, zip, state, phone_number) VALUES ('9PIbaCDRiKrYhbGTOiQq-Q', 'Planet Fitness', ST_GeomFromText('POINT(40.82422414 -73.50096391)'), '54 Ira Rd', 'Syosset', 11791, 'NY', '(516) 588-7964');
INSERT INTO gyms (gym_id, gym_name, location, street_address, city, zip, state, phone_number) VALUES ('mTrt-7Km82ZC6DPJvZ89Ew', 'Lynch Fitness', ST_GeomFromText('POINT(40.75374 -73.48756)'), '261 N 6th St', 'Bethpage', 11714, 'NY', '(516) 428-1496');
INSERT INTO gyms (gym_id, gym_name, location, street_address, city, zip, state, phone_number) VALUES ('PdpIIgT_5nUa8S-9BZRAsg', 'Orangetheory Fitness', ST_GeomFromText('POINT(40.7248792 -73.5502483)'), '2314A Hempstead Turnpike', 'East Meadow', 11554, 'NY', '(516) 301-5909');
INSERT INTO gyms (gym_id, gym_name, location, street_address, city, zip, state, phone_number) VALUES ('caVVSfViDMllHezmMDUR5w', 'Push Fitness Club', ST_GeomFromText('POINT(40.77088 -73.42117)'), '515 Broadhollow Rd', 'Melville', 11747, 'NY', '(516) 269-7874');
INSERT INTO gyms (gym_id, gym_name, location, street_address, city, zip, state, phone_number) VALUES ('JHShyvYQ0f2vTF-dDGV0vw', 'United Barbell', ST_GeomFromText('POINT(40.7324419 -73.4243977)'), '96 Gazza Blvd', 'Farmingdale', 11735, 'NY', '(516) 459-9582');
INSERT INTO gyms (gym_id, gym_name, location, street_address, city, zip, state, phone_number) VALUES ('tP6u9sVxkdHT7bwLUCpepA', 'North Shore Fitness', ST_GeomFromText('POINT(40.724091 -73.5644067)'), '1940 Hempstead Tpke', 'East Meadow', 11554, 'NY', '(516) 832-8444');
INSERT INTO gyms (gym_id, gym_name, location, street_address, city, zip, state, phone_number) VALUES ('HdMry59BVauxdCeLYxE57g', 'SC Crossfit 165', ST_GeomFromText('POINT(40.7455711 -73.5000916)'), '942 S Broadway', 'Hicksville', 11801, 'NY', '(516) 933-0165');
INSERT INTO gyms (gym_id, gym_name, location, street_address, city, zip, state, phone_number) VALUES ('268lj7nUehEhHKrp9wrJcg', 'Be1st Fitness', ST_GeomFromText('POINT(40.7573577 -73.560523)'), '75 D Rushmore St', 'Westbury', 11590, 'NY', '(516) 647-5120');
INSERT INTO gyms (gym_id, gym_name, location, street_address, city, zip, state, phone_number) VALUES ('BcZKsIVhlg_KXQujLE3Kog', 'Planet Fitness', ST_GeomFromText('POINT(40.725556872683285 -73.523745)'), '3025 Hempstead Tpke', 'Levittown', 11756, 'NY', '(516) 605-1270');
INSERT INTO gyms (gym_id, gym_name, location, street_address, city, zip, state, phone_number) VALUES ('sI1IaYR3LQr8tWLUykw9aw', 'Omni Fitness Center', ST_GeomFromText('POINT(40.7255364 -73.5940556)'), '333 Earle Ovington Blvd', 'Uniondale', 11553, 'NY', '(516) 307-8088');
INSERT INTO gyms (gym_id, gym_name, location, street_address, city, zip, state, phone_number) VALUES ('_IR-_3-6d0DVIGs_Y1eDMQ', 'Planet Fitness', ST_GeomFromText('POINT(40.7445854 -73.6144877)'), '177A Old Country Rd', 'Carle Place', 11514, 'NY', '(516) 741-4320');
INSERT INTO gyms (gym_id, gym_name, location, street_address, city, zip, state, phone_number) VALUES ('WWBIC39Wo8_Z07r8Pqw5UQ', 'Peak 180', ST_GeomFromText('POINT(40.8042373657227 -73.5160293579102)'), '180 Michael Dr', 'Syosset', 11791, 'NY', '(516) 364-7325');
INSERT INTO gyms (gym_id, gym_name, location, street_address, city, zip, state, phone_number) VALUES ('CqXzhN0eQ0fOnhQfDsj_xg', 'My Pilates Studio', ST_GeomFromText('POINT(40.775411 -73.464835)'), '1163 Old Country Rd', 'Plainview', 11803, 'NY', '(516) 238-8308');
INSERT INTO gyms (gym_id, gym_name, location, street_address, city, zip, state, phone_number) VALUES ('XmYoi9vCCWwg46loiCntGQ', 'YMCA at', ST_GeomFromText('POINT(40.881118 -73.632434)'), '125 Dosoris Ln', 'Glen Cove', 11542, 'NY', '(516) 671-8270');
INSERT INTO gyms (gym_id, gym_name, location, street_address, city, zip, state, phone_number) VALUES ('W4hSqLrKyVgq_iwT3lRSug', 'LA Fitness', ST_GeomFromText('POINT(40.7335396 -73.6079712)'), '711 Stewart Ave', 'Garden City', 11530, 'NY', '(516) 214-9691');
INSERT INTO gyms (gym_id, gym_name, location, street_address, city, zip, state, phone_number) VALUES ('hIJ1ynOaUiIpnEeh7OzkcA', 'Push Fitness Club', ST_GeomFromText('POINT(40.73126 -73.6933899)'), '15 Jericho Turnpike', 'New Hyde Park', 11040, 'NY', '(516) 325-1682');
INSERT INTO gyms (gym_id, gym_name, location, street_address, city, zip, state, phone_number) VALUES ('k8hHsIU_3UDimYQ5aOtVpQ', 'Crunch Fitness', ST_GeomFromText('POINT(40.6688849569914 -73.531322)'), '2212 Centre Ave', 'Bellmore', 11710, 'NY', '(516) 221-4000');
INSERT INTO gyms (gym_id, gym_name, location, street_address, city, zip, state, phone_number) VALUES ('jiy1Ye6dWg_G6Q1P0Krsuw', 'Sid Jacobson JCC', ST_GeomFromText('POINT(40.8050284 -73.6379839)'), '300 Forest Dr', 'East Hills', 11548, 'NY', '(516) 484-1545');
INSERT INTO gyms (gym_id, gym_name, location, street_address, city, zip, state, phone_number) VALUES ('kfCetrj6-bMX-8yTxJGJmA', 'Protection Fitness', ST_GeomFromText('POINT(40.765648 -73.522781)'), '21 W Nicholai St', 'Hicksville', 11801, 'NY', '(516) 670-5728');
INSERT INTO gyms (gym_id, gym_name, location, street_address, city, zip, state, phone_number) VALUES ('K6B5VVODkSSPZYWIbieukg', 'UFC GYM Long Island', ST_GeomFromText('POINT(40.735812 -73.673633)'), '2020 Jericho Tpke', 'New Hyde Park', 11040, 'NY', '(516) 784-4072');
INSERT INTO gyms (gym_id, gym_name, location, street_address, city, zip, state, phone_number) VALUES ('ihhoJaH4FF3hGKNI3cJS6Q', 'Stronghold', ST_GeomFromText('POINT(40.7053638214866 -73.6541998438496)'), '400 Hempstead Tpke', 'West Hempstead', 11552, 'NY', '(516) 242-6782');
INSERT INTO gyms (gym_id, gym_name, location, street_address, city, zip, state, phone_number) VALUES ('bcxPOQifAXjarDnFflRdGw', 'New York Sports Club', ST_GeomFromText('POINT(40.6404919 -73.6415253)'), '2909 Lincoln Ave', 'Oceanside', 11572, 'NY', '(516) 594-8300');
INSERT INTO gyms (gym_id, gym_name, location, street_address, city, zip, state, phone_number) VALUES ('7YSUwjblCYN_dlwA8MunYg', 'Retro Fitness', ST_GeomFromText('POINT(40.65602 -73.5876)'), '131 W. Sunrise Hwy', 'Freeport', 11520, 'NY', '(516) 415-7953');
INSERT INTO gyms (gym_id, gym_name, location, street_address, city, zip, state, phone_number) VALUES ('rshqia0sMFbJtyNLK8Z5EQ', 'ONYX Fitness', ST_GeomFromText('POINT(40.672298 -73.527348)'), '2060 Bellmore Ave', 'Bellmore', 11710, 'NY', '(516) 221-1800');
INSERT INTO gyms (gym_id, gym_name, location, street_address, city, zip, state, phone_number) VALUES ('Kk5wO7-eF8cAQeNawwN_wA', 'Fitness on Main St', ST_GeomFromText('POINT(40.73198625508184 -73.44583601164)'), '320 Main St', 'Farmingdale', 11735, 'NY', '(516) 612-9476');
INSERT INTO gyms (gym_id, gym_name, location, street_address, city, zip, state, phone_number) VALUES ('bFtwbbJfb1reUootTTu1fw', 'LA Fitness', ST_GeomFromText('POINT(40.74850933417125 -73.42399969420423)'), '2110 Route 110 Broad Hollow Rd', 'Farmingdale', 11735, 'NY', '(631) 293-4263');
INSERT INTO gyms (gym_id, gym_name, location, street_address, city, zip, state, phone_number) VALUES ('jxfcLovdBv7B4ImelWwgdw', 'LA Fitness', ST_GeomFromText('POINT(40.754755 -73.700033)'), '1111 Marcus Ave', 'New Hyde Park', 11042, 'NY', '(516) 355-2302');

-- gym reviews from yelp queries
INSERT INTO reviews (gym_id, user_id, rating, body, review_date) VALUES ('2qDUnhRCLkYab9y-1NfdmQ', -1, 5, 'Most amazing hardcore gym on Long Island.  Was founded when Arnold was young.  Oldest independent gym on Long Island !!!    Obviously for a reason.', '2025-02-08 14:10:56');
INSERT INTO reviews (gym_id, user_id, rating, body, review_date) VALUES ('2qDUnhRCLkYab9y-1NfdmQ', -1, 5, 'Ultimate Gym is the best gym I have ever belonged to. Members are like family, as well as staff and the gym owners. Amazing people, very respectful.', '2020-02-22 06:59:16');
INSERT INTO reviews (gym_id, user_id, rating, body, review_date) VALUES ('2qDUnhRCLkYab9y-1NfdmQ', -1, 5, 'This gym is phenomenal, especially the TFW program. Brian is the best... the program is fun, challenging, and gives you the best results on your body I have...', '2019-03-02 06:27:56');
INSERT INTO reviews (gym_id, user_id, rating, body, review_date) VALUES ('tnK2OlNVuRgN-Nwf4yMkzg', -1, 5, 'Out of all the Blink Fitness locations I''ve been in, this is the most well maintained one I''ve seen. My time here was mostly pleasant. The gym isn''t super...', '2024-11-02 16:54:28');
INSERT INTO reviews (gym_id, user_id, rating, body, review_date) VALUES ('tnK2OlNVuRgN-Nwf4yMkzg', -1, 1, 'This is how every toilet in Blink fitness looks like!!! Been ages they NOT even afford to fix their toilet paper holder!!! Or the worker just lazy put it...', '2024-06-05 09:11:15');
INSERT INTO reviews (gym_id, user_id, rating, body, review_date) VALUES ('tnK2OlNVuRgN-Nwf4yMkzg', -1, 4, 'Good gym and excellent value.  Since there is no contact us section on the website i''ll give my feedback to mgmt here. You have to do something about the...', '2025-01-19 12:09:27');
INSERT INTO reviews (gym_id, user_id, rating, body, review_date) VALUES ('Vc8zN7vXpmmnfw8nTm0FoQ', -1, 5, 'I came to this gym after working out at Crunch and Blink for a couple of years and I was not disapointed. I was sick of waiting for machines, feeling...', '2023-10-02 14:47:17');
INSERT INTO reviews (gym_id, user_id, rating, body, review_date) VALUES ('Vc8zN7vXpmmnfw8nTm0FoQ', -1, 5, 'Place is absolutely sick - especially for weightlifting/bodybuilding. They have every type of machine you could think of, and some really nice ones that you...', '2023-10-11 07:52:39');
INSERT INTO reviews (gym_id, user_id, rating, body, review_date) VALUES ('Vc8zN7vXpmmnfw8nTm0FoQ', -1, 5, 'I LOVE SPARTA!!! Best gym in long island. They have every piece of workout equipment you could ask for. Staff is SO friendly. Very easy to get the machines...', '2021-12-01 07:19:12');
INSERT INTO reviews (gym_id, user_id, rating, body, review_date) VALUES ('4uoQVZ4Q6CO-aVI0TzCl6Q', -1, 5, 'kudos to Lifetime in  Syosset! This health club is always immaculate, the availability of all the equipment is superb, the staff is extremely helpful ,...', '2025-01-06 13:47:56');
INSERT INTO reviews (gym_id, user_id, rating, body, review_date) VALUES ('4uoQVZ4Q6CO-aVI0TzCl6Q', -1, 1, 'In spite of the club being over crowded my family has been a member since last 5 years, however absolutely shocked at the way they correspond or communicate...', '2024-11-22 06:35:16');
INSERT INTO reviews (gym_id, user_id, rating, body, review_date) VALUES ('4uoQVZ4Q6CO-aVI0TzCl6Q', -1, 5, 'Great staff and place is always clean. It''s the Ritz of gyms. Hanna at front desk is extremely nice. Entire team is respectful and courteous.', '2025-02-27 15:04:19');
INSERT INTO reviews (gym_id, user_id, rating, body, review_date) VALUES ('Or3cP2kT5Mh205TohHknzQ', -1, 5, 'ClubFit is a wonderful place in which to engage in the path towards improving your body and health. The gym is always clean, well lit and staffed by...', '2023-11-05 17:54:06');
INSERT INTO reviews (gym_id, user_id, rating, body, review_date) VALUES ('Or3cP2kT5Mh205TohHknzQ', -1, 5, 'This gym changed my life.  I am familiar with many gyms in the area extending throughout Manhattan, BK, Queens, Nassau, and Suffolk; this gym far exceeds...', '2023-07-02 00:54:14');
INSERT INTO reviews (gym_id, user_id, rating, body, review_date) VALUES ('Or3cP2kT5Mh205TohHknzQ', -1, 5, 'this is a great 24/7 gym, if you''re someone like me that has a busy schedule and need a quick workout on the go. staff is extremely friendly and constantly...', '2021-11-25 20:36:06');
INSERT INTO reviews (gym_id, user_id, rating, body, review_date) VALUES ('g4Y5pz_6d4YgpnciQH4_EQ', -1, 4, 'Machines are old,otherwise the gym is very clean and the people are very nice and helpful', '2023-04-10 08:43:49');
INSERT INTO reviews (gym_id, user_id, rating, body, review_date) VALUES ('g4Y5pz_6d4YgpnciQH4_EQ', -1, 5, 'I made the plunge and joined Equinox a few weeks ago. After coming here for a few Yelp Events, and being that it''s close to home, it made my decision an...', '2018-12-09 07:50:04');
INSERT INTO reviews (gym_id, user_id, rating, body, review_date) VALUES ('g4Y5pz_6d4YgpnciQH4_EQ', -1, 1, 'Beautiful, clean, pricey upbeat place. Why you ask am i giving a 1 because I went to tour, discuss pricing and a membership and the guy at the counter...', '2021-06-17 12:48:47');
INSERT INTO reviews (gym_id, user_id, rating, body, review_date) VALUES ('1eDc1V0xp1nSoq2eui_ESQ', -1, 2, 'Soooo Unsanitary. Seeing so many related reviews I can''t believe they haven''t tried to take care of this or that corporate hasn''t gotten involved. There are...', '2018-04-15 14:16:00');
INSERT INTO reviews (gym_id, user_id, rating, body, review_date) VALUES ('1eDc1V0xp1nSoq2eui_ESQ', -1, 1, 'This gym sucks I wanted to give zero stars. 10 treadmills in 2 rows 3 work. Machines with no tops on them. You get charged a maintenance fee when NOTHING is...', '2022-09-04 08:50:49');
INSERT INTO reviews (gym_id, user_id, rating, body, review_date) VALUES ('1eDc1V0xp1nSoq2eui_ESQ', -1, 1, 'I joined to use the pool. First the pool was shut several times for extended periods to repair leaks, broken lines, broken heater, and a broken filter....', '2024-02-02 07:08:02');
INSERT INTO reviews (gym_id, user_id, rating, body, review_date) VALUES ('x-IqFJKPoyW4INAJHf70iA', -1, 5, 'If you are looking for a good place to start training and getting back in shape... this is the spot i go but my brother and Mom prefer Bellmore site.  I...', '2025-02-18 17:21:00');
INSERT INTO reviews (gym_id, user_id, rating, body, review_date) VALUES ('x-IqFJKPoyW4INAJHf70iA', -1, 2, 'This gym is just too crowded no matter when you go even at 5 am or earlier. A couple of the morning members "take over" multiple machines for an hour as...', '2025-04-11 03:11:50');
INSERT INTO reviews (gym_id, user_id, rating, body, review_date) VALUES ('x-IqFJKPoyW4INAJHf70iA', -1, 1, 'It''s disheartening when a manager /owner Jean(Shawn) calls you to say that because of my review on Yelp about his gym(Crunch) I was not allowed to go to his...', '2025-01-22 12:49:00');
INSERT INTO reviews (gym_id, user_id, rating, body, review_date) VALUES ('XXBmsClHhwHATBZkKVoK1w', -1, 5, 'I found this place looking to train for the Spartan run. If you think you ended up at the wrong place, don''t be surprised. The building is located in a...', '2016-02-13 16:07:15');
INSERT INTO reviews (gym_id, user_id, rating, body, review_date) VALUES ('CPpiET0ozLyuG1Hg5pa17w', -1, 5, 'My husband & I belong to PF in Medford,NY. The staff is extremely friendly and helpful and the cleanliness is above & beyond. They are forever cleaning in...', '2025-04-03 07:25:55');
INSERT INTO reviews (gym_id, user_id, rating, body, review_date) VALUES ('CPpiET0ozLyuG1Hg5pa17w', -1, 4, 'This is a huge planet fitness location. The place is clean and conducive for personal exercise programs. I love using their elliptical machines. The parking...', '2024-10-24 19:33:24');
INSERT INTO reviews (gym_id, user_id, rating, body, review_date) VALUES ('CPpiET0ozLyuG1Hg5pa17w', -1, 2, 'After Covid mask mandate forced me to quit Planet Fitness in Hicksville 2 years ago (not going to run on a treadmill wearing a mask) I rejoined first week...', '2023-02-19 10:34:49');
INSERT INTO reviews (gym_id, user_id, rating, body, review_date) VALUES ('2mtvooUikAqce7XEXXhWew', -1, 5, 'I thought I would detest this place seeing as I hate the heat. But after cashing in on my first free class I was sold! The saunas are clean and you can...', '2025-01-02 08:37:47');
INSERT INTO reviews (gym_id, user_id, rating, body, review_date) VALUES ('2mtvooUikAqce7XEXXhWew', -1, 5, 'Very cool concept I love the layout and the classes - staff is super nice; can''t wait to sign up!', '2025-01-16 22:01:00');
INSERT INTO reviews (gym_id, user_id, rating, body, review_date) VALUES ('2mtvooUikAqce7XEXXhWew', -1, 5, 'Came here for my free workout and this place is AMAZING. They have a bunch of different infrared saunas with workout classes on the tv inside. You can...', '2023-03-20 16:55:56');
INSERT INTO reviews (gym_id, user_id, rating, body, review_date) VALUES ('hIeg7TgV8Z4BxsD3sJ_ldQ', -1, 5, 'COACH CHANDO: 1) OBSERVANT - In the 2 days (90 minutes combined) I had visited the training center, he seemed to know everything about me just by the way I...', '2021-05-29 08:01:11');
INSERT INTO reviews (gym_id, user_id, rating, body, review_date) VALUES ('hIeg7TgV8Z4BxsD3sJ_ldQ', -1, 5, 'Super friendly from the moment I walked in. I definitely feel I could reach my goal if I attended three times a week. I went on a strength day. I enjoy my self.', '2020-02-26 05:17:46');
INSERT INTO reviews (gym_id, user_id, rating, body, review_date) VALUES ('Vy2N3YKGp3FJcaosROwjvw', -1, 1, 'I went to Stretchlab in Roslyn and they were very insistent on me signing up with them. I signed up and unfortunately was unable to use them because of an...', '2024-05-25 09:03:16');
INSERT INTO reviews (gym_id, user_id, rating, body, review_date) VALUES ('Vy2N3YKGp3FJcaosROwjvw', -1, 1, 'After 16 years, I finally canceled my membership. The new manager with the Napoleon complex who is unable to communicate with staff & members broke the...', '2023-12-01 05:41:02');
INSERT INTO reviews (gym_id, user_id, rating, body, review_date) VALUES ('Vy2N3YKGp3FJcaosROwjvw', -1, 1, 'If you''ve read the other reviews you already know the gym is FILTHY.  The machines are old and rusting. Anything you have that you put down for a second...', '2023-05-30 09:11:54');
INSERT INTO reviews (gym_id, user_id, rating, body, review_date) VALUES ('HKQHujRFHIPCJCpS0igKJg', -1, 5, 'I noticed it was very clean when I walked in. I came for my nieces birthday party and liked how clean and spacious is it. I came with my sister before the...', '2024-12-23 03:13:46');
INSERT INTO reviews (gym_id, user_id, rating, body, review_date) VALUES ('HKQHujRFHIPCJCpS0igKJg', -1, 3, 'im going to increase this a bit due to things Ive noticed. The personal trainers leave you alone unless you need help or have a question. They dont run up...', '2024-08-12 11:40:15');
INSERT INTO reviews (gym_id, user_id, rating, body, review_date) VALUES ('HKQHujRFHIPCJCpS0igKJg', -1, 1, 'My family has been members of Lifetime for the past 12 years. On 6/8/24 at 10:30am, a team member at the front desk was blatantly rude and unprofessional....', '2024-06-09 12:47:56');
INSERT INTO reviews (gym_id, user_id, rating, body, review_date) VALUES ('Iyu9QuIjmzISc5zMcgXQ1w', -1, 5, 'There are a handful of times in life when something comes your way that changes your life. Walking into TFW 8 weeks back is one of those instances for me. I...', '2018-03-11 08:25:45');
INSERT INTO reviews (gym_id, user_id, rating, body, review_date) VALUES ('Iyu9QuIjmzISc5zMcgXQ1w', -1, 5, 'I''m a 50 yr old woman who has never stepped foot in any gym. I recently lost weight and wanted to workout and get fit.  My husband told me to come to...', '2016-12-15 18:30:09');
INSERT INTO reviews (gym_id, user_id, rating, body, review_date) VALUES ('Iyu9QuIjmzISc5zMcgXQ1w', -1, 5, 'The coaches at TFW Hicksville are amazing and so is everyone that workouts there.  It is a judgement free zone.  Everyone motivates each other to achieve...', '2016-09-26 09:07:24');
INSERT INTO reviews (gym_id, user_id, rating, body, review_date) VALUES ('9PIbaCDRiKrYhbGTOiQq-Q', -1, 5, 'Love it here. No one bothers you or gets in your space. Love the hydro massage after workout.', '2024-05-25 14:03:13');
INSERT INTO reviews (gym_id, user_id, rating, body, review_date) VALUES ('9PIbaCDRiKrYhbGTOiQq-Q', -1, 5, 'Very clean and well-equipped gym.  They don''t have Olympic benches and squat racks but there are Smith machines dumbbells/barbells up to 75 lbs.  People of...', '2023-08-20 04:34:17');
INSERT INTO reviews (gym_id, user_id, rating, body, review_date) VALUES ('mTrt-7Km82ZC6DPJvZ89Ew', -1, 5, 'Mike is as good as it gets when it comes to fitness and nutrition. He is one of the most knowledgeable fitness experts i''ve come across, and makes...', '2016-04-15 15:17:21');
INSERT INTO reviews (gym_id, user_id, rating, body, review_date) VALUES ('mTrt-7Km82ZC6DPJvZ89Ew', -1, 5, 'Met with Mike two weeks ago for some nutritional counseling and he was really so nice, fun, and easy to talk to. Pre-counseling he was easy to get in...', '2018-05-18 20:11:38');
INSERT INTO reviews (gym_id, user_id, rating, body, review_date) VALUES ('mTrt-7Km82ZC6DPJvZ89Ew', -1, 5, 'To call Mike a ''trainer'' does him a disservice.  He is a fitness and nutrition expert.  You will be hard-pressed to find a person more knowledgeable about...', '2016-04-28 13:40:02');
INSERT INTO reviews (gym_id, user_id, rating, body, review_date) VALUES ('PdpIIgT_5nUa8S-9BZRAsg', -1, 5, 'Love this location. Studio is on the smaller side, great for when you need help in the weight room. Good amount of personal space on the treadmill &...', '2024-11-10 10:18:43');
INSERT INTO reviews (gym_id, user_id, rating, body, review_date) VALUES ('PdpIIgT_5nUa8S-9BZRAsg', -1, 1, 'It has been several years since I first attended Orange Theory and I still have issues with my shoulder from lifting weights with bad form. No one is able...', '2023-02-23 08:32:35');
INSERT INTO reviews (gym_id, user_id, rating, body, review_date) VALUES ('PdpIIgT_5nUa8S-9BZRAsg', -1, 1, 'Allison is very rude and nasty. I will not be returning back to this location. The other staff members are amazing, however it''s unfortunate that one bad...', '2021-05-31 21:29:42');
INSERT INTO reviews (gym_id, user_id, rating, body, review_date) VALUES ('caVVSfViDMllHezmMDUR5w', -1, 5, 'I came in for just one day and the place was great! I signed up for a guest pass but being from out of state and just visiting the area, I suspected that...', '2024-10-02 16:57:26');
INSERT INTO reviews (gym_id, user_id, rating, body, review_date) VALUES ('caVVSfViDMllHezmMDUR5w', -1, 5, 'Very clean gym and a lovely staff. Everyone is so nice and welcoming ! Chris is the first one i met . He signed me up and told me he liked my energy!  Matt...', '2024-12-20 10:58:05');
INSERT INTO reviews (gym_id, user_id, rating, body, review_date) VALUES ('caVVSfViDMllHezmMDUR5w', -1, 1, 'Smelly hot humid gym. Petri dish when weather gets warmer. Disgusting and insensitive management to member needs and healthy environment', '2025-03-11 17:40:01');
INSERT INTO reviews (gym_id, user_id, rating, body, review_date) VALUES ('JHShyvYQ0f2vTF-dDGV0vw', -1, 5, 'Hands down my favorite training facility when I''m on Long Island. The owners are passionate about creating a great atmosphere. The equipment is top notch,...', '2018-09-03 04:30:30');
INSERT INTO reviews (gym_id, user_id, rating, body, review_date) VALUES ('JHShyvYQ0f2vTF-dDGV0vw', -1, 5, 'I''ve come here twice now in preparation for a powerlifting meet in December. It''s a 40 minute commute for me but it is well worth it. They have competition...', '2018-11-15 14:52:53');
INSERT INTO reviews (gym_id, user_id, rating, body, review_date) VALUES ('tP6u9sVxkdHT7bwLUCpepA', -1, 4, 'Best place to buy produce.  They cashier can try to be bit friendly.', '2019-05-16 08:27:17');
INSERT INTO reviews (gym_id, user_id, rating, body, review_date) VALUES ('tP6u9sVxkdHT7bwLUCpepA', -1, 5, 'Haven''t done my shopping here yet, but I did check it out.  It''s looks good and it''s conveniently close to my home in Wantagh.  Tomorrow I''ll shop here to...', '2014-11-14 14:25:45');
INSERT INTO reviews (gym_id, user_id, rating, body, review_date) VALUES ('tP6u9sVxkdHT7bwLUCpepA', -1, 3, 'This is my regular gym. I''m relatively happy with it--it''s a bit rough around the edges. Mostly filled with meat-heads who hog the weights and crazy...', '2009-01-12 13:24:25');
INSERT INTO reviews (gym_id, user_id, rating, body, review_date) VALUES ('HdMry59BVauxdCeLYxE57g', -1, 2, 'Short temper owner who blew up over little things that didnt go his way. Had a argument about a $40 discount that was promised but never came. Thought this...', '2019-08-14 15:00:58');
INSERT INTO reviews (gym_id, user_id, rating, body, review_date) VALUES ('HdMry59BVauxdCeLYxE57g', -1, 5, 'I originally started going here via a Groupon and have stayed now for over three months. All the trainers are friendly, professional and take the time to...', '2019-10-10 06:36:46');
INSERT INTO reviews (gym_id, user_id, rating, body, review_date) VALUES ('HdMry59BVauxdCeLYxE57g', -1, 5, 'Went for my first foundations class today. It was hot, I am out of shape and haven''t been to gym in a long time. The trainer was awesomely motivational. The...', '2016-07-06 09:14:41');
INSERT INTO reviews (gym_id, user_id, rating, body, review_date) VALUES ('268lj7nUehEhHKrp9wrJcg', -1, 1, '*this review is regarding glen cove facility* I had came for a promotion they posted on Facebook, for a group class for women. I did take 2 classes,I did...', '2017-02-14 11:49:03');
INSERT INTO reviews (gym_id, user_id, rating, body, review_date) VALUES ('268lj7nUehEhHKrp9wrJcg', -1, 5, 'I''ve been with Be1st since May 2014. I''ve gained a tremendous amount of strength and confidence thanks to my expert trainers. The class members form a...', '2015-04-01 05:20:29');
INSERT INTO reviews (gym_id, user_id, rating, body, review_date) VALUES ('268lj7nUehEhHKrp9wrJcg', -1, 5, 'I joined Be1st back in February and still love it! It is the FIRST time I have ever enjoyed going to the gym and working out! Steve, Wendy and the other...', '2016-09-02 07:26:37');
INSERT INTO reviews (gym_id, user_id, rating, body, review_date) VALUES ('BcZKsIVhlg_KXQujLE3Kog', -1, 4, 'I truly like this gym. The place is well lit and clean as a gym can possibly be. A few equipments were somewhat worn down, but still works. There was an out...', '2024-03-22 18:40:31');
INSERT INTO reviews (gym_id, user_id, rating, body, review_date) VALUES ('BcZKsIVhlg_KXQujLE3Kog', -1, 1, 'If I could give 0 starts I would . I had to go 3x in person to cancel.  The first time the gentleman told me it was and that I had a month to use the...', '2024-08-19 10:30:29');
INSERT INTO reviews (gym_id, user_id, rating, body, review_date) VALUES ('BcZKsIVhlg_KXQujLE3Kog', -1, 5, 'Blows the pants off LA fitness. The employees are super friendly they ALWAYS SAY HELLO. They make it known they recognize you. They ask how your day was,...', '2022-11-08 14:19:23');
INSERT INTO reviews (gym_id, user_id, rating, body, review_date) VALUES ('sI1IaYR3LQr8tWLUykw9aw', -1, 1, 'I see the good reviews are from pre-covid timeframe. Recent reviews are extremely negative with no comments from gym management. I''ll keep looking for a...', '2024-08-05 09:26:51');
INSERT INTO reviews (gym_id, user_id, rating, body, review_date) VALUES ('sI1IaYR3LQr8tWLUykw9aw', -1, 1, 'I wouldn''t recommend this place to anyone. The workers aren''t welcoming, the bathrooms are disgusting and they pretend they are trainers, when in reality,...', '2024-04-09 19:30:32');
INSERT INTO reviews (gym_id, user_id, rating, body, review_date) VALUES ('sI1IaYR3LQr8tWLUykw9aw', -1, 2, 'For $40+ you do get a gym that''s not very crowded as advertised but that''s the only positive. The locker rooms are gross, boogers on the table and wet hair...', '2023-03-03 20:31:37');
INSERT INTO reviews (gym_id, user_id, rating, body, review_date) VALUES ('_IR-_3-6d0DVIGs_Y1eDMQ', -1, 1, 'Been coming here for several years. Most equipment is ok, older than other locations. Great Neck has newer and better equipment. I have the Black Card...', '2023-08-24 08:37:52');
INSERT INTO reviews (gym_id, user_id, rating, body, review_date) VALUES ('_IR-_3-6d0DVIGs_Y1eDMQ', -1, 1, 'Reduced amount of machines by 20%, tv''s all out of order for several weeks (its usually news programming instead of sports/cooking/entertainment), broken...', '2025-02-22 14:09:33');
INSERT INTO reviews (gym_id, user_id, rating, body, review_date) VALUES ('_IR-_3-6d0DVIGs_Y1eDMQ', -1, 4, 'I have been coming to this gym for a while. I''ve seen staff come and go but the latest manager they have has been a great addition to this gym on the...', '2023-01-02 22:36:33');
INSERT INTO reviews (gym_id, user_id, rating, body, review_date) VALUES ('WWBIC39Wo8_Z07r8Pqw5UQ', -1, 5, 'Short version of my review: Just do it.  Peak180 has truly captivated my heart.  Go on their site, call them, and check them out! Oh, and bring water! Work...', '2022-02-05 16:20:10');
INSERT INTO reviews (gym_id, user_id, rating, body, review_date) VALUES ('WWBIC39Wo8_Z07r8Pqw5UQ', -1, 5, 'Great gym with an even better staff. Friendly and informative ... great for beginners looking to change their life style', '2024-09-01 20:22:12');
INSERT INTO reviews (gym_id, user_id, rating, body, review_date) VALUES ('WWBIC39Wo8_Z07r8Pqw5UQ', -1, 5, 'Amazing facility & great people. I was visiting family for a week and really loved the drop-in policy and the programming. Was able to get my first double...', '2017-12-04 11:29:00');
INSERT INTO reviews (gym_id, user_id, rating, body, review_date) VALUES ('CqXzhN0eQ0fOnhQfDsj_xg', -1, 5, 'I am new to Pilates & Heather couldn''t be more incredible. She was very attentive and made me feel very welcomed to the studio as well! she gave me a few...', '2025-02-04 12:53:49');
INSERT INTO reviews (gym_id, user_id, rating, body, review_date) VALUES ('CqXzhN0eQ0fOnhQfDsj_xg', -1, 5, 'Love the instructors and the way they interact with the clients. They provide individual feedback.', '2024-09-22 12:17:47');
INSERT INTO reviews (gym_id, user_id, rating, body, review_date) VALUES ('CqXzhN0eQ0fOnhQfDsj_xg', -1, 5, 'I have been going to My Pilates Studio since 2018 and training privately with Melanie.  For someone who despises the gym I found my happy place here....', '2024-05-16 17:01:19');
INSERT INTO reviews (gym_id, user_id, rating, body, review_date) VALUES ('XmYoi9vCCWwg46loiCntGQ', -1, 5, 'This review is for the indoor pool only. I am the type of person whom Jim Gaffigan would kill. Because no matter what I get up at 5am daily and go...', '2023-09-23 06:23:30');
INSERT INTO reviews (gym_id, user_id, rating, body, review_date) VALUES ('XmYoi9vCCWwg46loiCntGQ', -1, 5, 'I cannot speak highly enough about this wonderful place! Be a member. Me and my kids enjoy family swim weekly. The place is clean, well staffed, and an...', '2023-08-05 06:28:07');
INSERT INTO reviews (gym_id, user_id, rating, body, review_date) VALUES ('XmYoi9vCCWwg46loiCntGQ', -1, 5, 'I am a big fan of YMCA Glen Cove. The staff are friendly, spacious grounds are beautiful and both indoor and outdoor facilities are very clean. The main...', '2019-11-06 06:48:27');
INSERT INTO reviews (gym_id, user_id, rating, body, review_date) VALUES ('W4hSqLrKyVgq_iwT3lRSug', -1, 4, 'It seems many people are confusing this location with the one at 630 Old Country Road, which was formally known as Xsports. This location is very clean...', '2025-01-22 10:59:00');
INSERT INTO reviews (gym_id, user_id, rating, body, review_date) VALUES ('W4hSqLrKyVgq_iwT3lRSug', -1, 4, 'I have multi-club access, which I use when I travel throughout the country on business or pleasure. What distinguishes this LA Fitness from most is that...', '2024-09-22 07:23:43');
INSERT INTO reviews (gym_id, user_id, rating, body, review_date) VALUES ('W4hSqLrKyVgq_iwT3lRSug', -1, 1, 'This gym is overcrowded most of the time. No treadmills available or some are  out of service due to them being replaced with cheaper models last year....', '2025-03-04 08:37:05');
INSERT INTO reviews (gym_id, user_id, rating, body, review_date) VALUES ('hIJ1ynOaUiIpnEeh7OzkcA', -1, 5, 'The staff members at this club are super helpful and friendly. The space is nice and clean with tons of different machines to pick and choose your exercise....', '2024-10-28 15:27:29');
INSERT INTO reviews (gym_id, user_id, rating, body, review_date) VALUES ('hIJ1ynOaUiIpnEeh7OzkcA', -1, 2, 'While the gym is conveniently located and competitively priced at $40 per month, the lack of leadership is evident. There is minimal education for new...', '2025-02-11 08:48:38');
INSERT INTO reviews (gym_id, user_id, rating, body, review_date) VALUES ('hIJ1ynOaUiIpnEeh7OzkcA', -1, 2, 'Stop blasting music like it''s a club. It''s a gym. People constantly supersetting on machines and have the nerve to say they are using something when they...', '2024-09-04 13:34:36');
INSERT INTO reviews (gym_id, user_id, rating, body, review_date) VALUES ('k8hHsIU_3UDimYQ5aOtVpQ', -1, 5, 'Clean, friendly staff, and great class trainers!! The staff is always cleaning the machine and filling up the spray bottles. Look no further if you want a...', '2020-03-14 08:59:03');
INSERT INTO reviews (gym_id, user_id, rating, body, review_date) VALUES ('k8hHsIU_3UDimYQ5aOtVpQ', -1, 1, 'Need to watch out the trainer''s program there. They lack business training to say the least, or they do it on purpose to rip you off. Here is what...', '2024-04-01 22:03:20');
INSERT INTO reviews (gym_id, user_id, rating, body, review_date) VALUES ('k8hHsIU_3UDimYQ5aOtVpQ', -1, 1, 'been a member since before covid. anyways been my go to gym and nice staff here. not sure who hired the girl at the counter. i think her name is Nicole with...', '2025-03-05 22:15:35');
INSERT INTO reviews (gym_id, user_id, rating, body, review_date) VALUES ('jiy1Ye6dWg_G6Q1P0Krsuw', -1, 5, 'The facilities are well take care of and clean. The pool and basketball court is in great conditioned and looks to me like it has been remodeled not that...', '2025-01-25 12:59:48');
INSERT INTO reviews (gym_id, user_id, rating, body, review_date) VALUES ('jiy1Ye6dWg_G6Q1P0Krsuw', -1, 5, 'Great all-round facility with gyms, ball courts, pool, fitness center plus many programs for kids, seniors, adults, memory loss seniors, etc. Well...', '2024-10-07 10:29:13');
INSERT INTO reviews (gym_id, user_id, rating, body, review_date) VALUES ('jiy1Ye6dWg_G6Q1P0Krsuw', -1, 4, 'Sid Jacobs Y Beauty and the Beast Performance February 1, 2, 8 and 9th 2020. As before for a previous performance, there was so much good stuff. The...', '2020-02-02 17:37:03');
INSERT INTO reviews (gym_id, user_id, rating, body, review_date) VALUES ('kfCetrj6-bMX-8yTxJGJmA', -1, 1, 'Stopped by on 11/09/2022 to view a class and get a feel for.  The building is closed down with no lights on.  Called instructor for more information and he...', '2022-11-10 07:28:05');
INSERT INTO reviews (gym_id, user_id, rating, body, review_date) VALUES ('kfCetrj6-bMX-8yTxJGJmA', -1, 5, 'Always a pleasure working with D and the crew. You learn the krav basics plus a lot more - classes are intense and a lot of fun. Ground skills, MMA,...', '2019-01-08 08:03:20');
INSERT INTO reviews (gym_id, user_id, rating, body, review_date) VALUES ('kfCetrj6-bMX-8yTxJGJmA', -1, 5, 'Hands down one of the best fitness communities I have joined. I waited for a month before I reviewed this place b/c I wanted to see if my initial positive...', '2016-04-22 08:10:09');
INSERT INTO reviews (gym_id, user_id, rating, body, review_date) VALUES ('K6B5VVODkSSPZYWIbieukg', -1, 1, 'Yesterday, I received the below email from UFC and was appalled. This is one of the most offensive emails I have ever received from a gym. The assumptions...', '2024-09-06 11:34:09');
INSERT INTO reviews (gym_id, user_id, rating, body, review_date) VALUES ('K6B5VVODkSSPZYWIbieukg', -1, 1, 'The ops manager has destroyed this gym. I have come here since 2017 and they just recently updated the gym. The gym''s upgrades are actually down grades in...', '2025-03-01 05:32:27');
INSERT INTO reviews (gym_id, user_id, rating, body, review_date) VALUES ('K6B5VVODkSSPZYWIbieukg', -1, 5, 'Gyms in general have been an intimidating place for me and I would only step inside one to drop my boys off for a class. However, Coach Arriale Starbird...', '2025-02-20 14:17:45');
INSERT INTO reviews (gym_id, user_id, rating, body, review_date) VALUES ('ihhoJaH4FF3hGKNI3cJS6Q', -1, 5, 'This place is incredible. Everything from the dedicated and knowledgeable staff, variety in workout programming, and well-cared for space is something to be...', '2017-11-16 10:30:26');
INSERT INTO reviews (gym_id, user_id, rating, body, review_date) VALUES ('ihhoJaH4FF3hGKNI3cJS6Q', -1, 5, 'Perfect trainer! Helps you get the results you want. Also gives you tips on healthy eating. Highly recommended!', '2017-03-08 16:20:47');
INSERT INTO reviews (gym_id, user_id, rating, body, review_date) VALUES ('ihhoJaH4FF3hGKNI3cJS6Q', -1, 5, 'Not your average gym, in the best way possible. I was a little skeptical if it would be a good fit for me. But I am so happy I gave it a chance! Love the...', '2018-04-26 07:57:43');
INSERT INTO reviews (gym_id, user_id, rating, body, review_date) VALUES ('bcxPOQifAXjarDnFflRdGw', -1, 5, 'Just Joined with the help from Tanya and Joyce. These beautiful ladies were super friendly and helpful. Great start so far. Matt P.', '2024-08-30 09:08:55');
INSERT INTO reviews (gym_id, user_id, rating, body, review_date) VALUES ('bcxPOQifAXjarDnFflRdGw', -1, 3, 'Decent gym, nothing crazy. Basic equipment/machines. One main issue I have with this place is it closed so early. 10 pm on weekdays except Friday, Fridays...', '2024-02-02 19:50:28');
INSERT INTO reviews (gym_id, user_id, rating, body, review_date) VALUES ('bcxPOQifAXjarDnFflRdGw', -1, 4, 'I''ve been a member of NYSC since 2006 and have gone to locations all over Long Island, Queens, and Manhattan. Oceanside is one of the better ones for sure....', '2022-07-06 09:25:01');
INSERT INTO reviews (gym_id, user_id, rating, body, review_date) VALUES ('7YSUwjblCYN_dlwA8MunYg', -1, 4, 'My roommate invited me to join her at Retro Fitness today and we had a great workout session. Her membership allows for a free guest anytime she wants,...', '2021-09-28 21:56:01');
INSERT INTO reviews (gym_id, user_id, rating, body, review_date) VALUES ('7YSUwjblCYN_dlwA8MunYg', -1, 3, 'The best part of this gym is it''s location. There are no amenities like the local gyms in the area and they charge you astronomical fees, including a yearly...', '2023-07-31 07:03:07');
INSERT INTO reviews (gym_id, user_id, rating, body, review_date) VALUES ('7YSUwjblCYN_dlwA8MunYg', -1, 5, 'I''m not a avid gym rat, but I do go a couple of times a week. I like to go do my thing in and out.  The gym is clean, the staff is  nice and the machines...', '2022-11-07 16:00:23');
INSERT INTO reviews (gym_id, user_id, rating, body, review_date) VALUES ('rshqia0sMFbJtyNLK8Z5EQ', -1, 1, 'This gym has really gone down hill.  It''s now always crowed with wanna be influencers setting up their video gear.  They let their "sponsored" athletes take...', '2025-02-14 15:13:52');
INSERT INTO reviews (gym_id, user_id, rating, body, review_date) VALUES ('rshqia0sMFbJtyNLK8Z5EQ', -1, 1, 'As someone who works in the fitness industry, I have to say this place is not it. I was excited to join based on how they portray themselves on social...', '2025-02-10 15:29:07');
INSERT INTO reviews (gym_id, user_id, rating, body, review_date) VALUES ('rshqia0sMFbJtyNLK8Z5EQ', -1, 1, 'Place is a joke, wish I could give it 0 stars. Owner doesn''t care about any members or anything other than money. Expect 3 price raises for every slight...', '2024-12-18 11:46:57');
INSERT INTO reviews (gym_id, user_id, rating, body, review_date) VALUES ('Kk5wO7-eF8cAQeNawwN_wA', -1, 5, 'If you are looking for a boutique feel but reasonably priced gym that truly cares and works with you individually on your goals then this is the perfect...', '2024-05-27 16:24:48');
INSERT INTO reviews (gym_id, user_id, rating, body, review_date) VALUES ('Kk5wO7-eF8cAQeNawwN_wA', -1, 5, 'I love training here! I train with Donna as often as I can and I have trained with Angie too. I have had such a positive experience here. After just a few...', '2023-09-24 14:12:53');
INSERT INTO reviews (gym_id, user_id, rating, body, review_date) VALUES ('Kk5wO7-eF8cAQeNawwN_wA', -1, 5, 'For a person who hates working out... I now go 5-6 times a week!! Amazing staff, versatile classes that change up week to week! Something for everyone ,...', '2022-01-24 17:02:42');
INSERT INTO reviews (gym_id, user_id, rating, body, review_date) VALUES ('bFtwbbJfb1reUootTTu1fw', -1, 5, 'Since my poor experience with the cleanliness  of this location. I spoke with the manager and many changes were made for the better. It is clean and I enjoy...', '2019-09-13 15:36:57');
INSERT INTO reviews (gym_id, user_id, rating, body, review_date) VALUES ('bFtwbbJfb1reUootTTu1fw', -1, 1, 'Men''s sauna has been out for weeks with no updates on when or if it will be working again. This happens frequently', '2025-03-04 09:12:59');
INSERT INTO reviews (gym_id, user_id, rating, body, review_date) VALUES ('bFtwbbJfb1reUootTTu1fw', -1, 5, 'Jerome was so helpful and welcoming, he took care of me for my week visiting. The gym is super nice and clean, definitely recommend.', '2024-08-05 10:08:47');
INSERT INTO reviews (gym_id, user_id, rating, body, review_date) VALUES ('jxfcLovdBv7B4ImelWwgdw', -1, 4, 'The place is huge and clean enough.  The customer service seems good. You can play squash or handball and use the swimming pool. There are two saunas for...', '2024-11-14 06:35:02');
INSERT INTO reviews (gym_id, user_id, rating, body, review_date) VALUES ('jxfcLovdBv7B4ImelWwgdw', -1, 1, 'Overall, I liked this gym--the location, the setup, and even the atmosphere, despite a lot of the equipment being out of order. What I enjoyed most were the...', '2025-02-09 07:50:12');
INSERT INTO reviews (gym_id, user_id, rating, body, review_date) VALUES ('jxfcLovdBv7B4ImelWwgdw', -1, 4, 'I have been an LA Fitness member since 2010. This is my 15th year and I have the National open membership allowing me access to all clubs across the US,...', '2024-03-26 09:27:36');

-- equipment info
INSERT INTO equipment ( equipment_id , equipment_name , description ) VALUES (1,'body only',NULL);
INSERT INTO equipment ( equipment_id , equipment_name , description ) VALUES (2,'machine',NULL);
INSERT INTO equipment ( equipment_id , equipment_name , description ) VALUES (3,'other',NULL);
INSERT INTO equipment ( equipment_id , equipment_name , description ) VALUES (4,'foam roll',NULL);
INSERT INTO equipment ( equipment_id , equipment_name , description ) VALUES (5,'kettlebells',NULL);
INSERT INTO equipment ( equipment_id , equipment_name , description ) VALUES (6,'dumbbell',NULL);
INSERT INTO equipment ( equipment_id , equipment_name , description ) VALUES (7,'cable',NULL);
INSERT INTO equipment ( equipment_id , equipment_name , description ) VALUES (8,'barbell',NULL);
INSERT INTO equipment ( equipment_id , equipment_name , description ) VALUES (9,'bands',NULL);
INSERT INTO equipment ( equipment_id , equipment_name , description ) VALUES (10,'medicine ball',NULL);
INSERT INTO equipment ( equipment_id , equipment_name , description ) VALUES (11,'exercise ball',NULL);
INSERT INTO equipment ( equipment_id , equipment_name , description ) VALUES (12,'e-z curl bar',NULL);
INSERT INTO equipment ( equipment_id , equipment_name , description ) VALUES (13,'30-Minute Circuit',NULL);
INSERT INTO equipment ( equipment_id , equipment_name , description ) VALUES (14,'Bag Rack',NULL);
INSERT INTO equipment ( equipment_id , equipment_name , description ) VALUES (15,'Barre Equipment',NULL);
INSERT INTO equipment ( equipment_id , equipment_name , description ) VALUES (16,'Basketball Court',NULL);
INSERT INTO equipment ( equipment_id , equipment_name , description ) VALUES (17,'Battle Ropes',NULL);
INSERT INTO equipment ( equipment_id , equipment_name , description ) VALUES (18,'Cable Towers',NULL);
INSERT INTO equipment ( equipment_id , equipment_name , description ) VALUES (19,'Cardio Equipment',NULL);
INSERT INTO equipment ( equipment_id , equipment_name , description ) VALUES (20,'Cycle Studio',NULL);
INSERT INTO equipment ( equipment_id , equipment_name , description ) VALUES (21,'Exercise Bikes',NULL);
INSERT INTO equipment ( equipment_id , equipment_name , description ) VALUES (22,'Free Weights',NULL);
INSERT INTO equipment ( equipment_id , equipment_name , description ) VALUES (23,'Functional Training Area',NULL);
INSERT INTO equipment ( equipment_id , equipment_name , description ) VALUES (24,'Group Fitness Classes',NULL);
INSERT INTO equipment ( equipment_id , equipment_name , description ) VALUES (25,'Indoor Cycling',NULL);
INSERT INTO equipment ( equipment_id , equipment_name , description ) VALUES (26,'Indoor Pool',NULL);
INSERT INTO equipment ( equipment_id , equipment_name , description ) VALUES (27,'Indoor Track',NULL);
INSERT INTO equipment ( equipment_id , equipment_name , description ) VALUES (28,'Infrared Saunas',NULL);
INSERT INTO equipment ( equipment_id , equipment_name , description ) VALUES (30,'Mat Area',NULL);
INSERT INTO equipment ( equipment_id , equipment_name , description ) VALUES (31,'Nutrition Coaching',NULL);
INSERT INTO equipment ( equipment_id , equipment_name , description ) VALUES (32,'Personal Training',NULL);
INSERT INTO equipment ( equipment_id , equipment_name , description ) VALUES (33,'Pilates Reformers',NULL);
INSERT INTO equipment ( equipment_id , equipment_name , description ) VALUES (34,'Resistance Bands',NULL);
INSERT INTO equipment ( equipment_id , equipment_name , description ) VALUES (35,'Rock Climbing Wall',NULL);
INSERT INTO equipment ( equipment_id , equipment_name , description ) VALUES (36,'Rowing Machines',NULL);
INSERT INTO equipment ( equipment_id , equipment_name , description ) VALUES (37,'Sauna',NULL);
INSERT INTO equipment ( equipment_id , equipment_name , description ) VALUES (38,'Smith Machines',NULL);
INSERT INTO equipment ( equipment_id , equipment_name , description ) VALUES (39,'Spin Studio',NULL);
INSERT INTO equipment ( equipment_id , equipment_name , description ) VALUES (40,'Stability Balls',NULL);
INSERT INTO equipment ( equipment_id , equipment_name , description ) VALUES (41,'Steam Room',NULL);
INSERT INTO equipment ( equipment_id , equipment_name , description ) VALUES (42,'Suspension Training',NULL);
INSERT INTO equipment ( equipment_id , equipment_name , description ) VALUES (43,'Tanning Beds',NULL);
INSERT INTO equipment ( equipment_id , equipment_name , description ) VALUES (44,'Treadmills',NULL);
INSERT INTO equipment ( equipment_id , equipment_name , description ) VALUES (45,'Yoga Studio',NULL);
INSERT INTO equipment ( equipment_id , equipment_name , description ) VALUES (46,'Pilates Studio',NULL);
INSERT INTO equipment ( equipment_id , equipment_name , description ) VALUES (47,'Spin Room',NULL);
INSERT INTO equipment ( equipment_id , equipment_name , description ) VALUES (48,'Indoor Turf',NULL);

-- gym equipment info
INSERT INTO gym_equipment ( gym_id , equipment_id ) VALUES ('2mtvooUikAqce7XEXXhWew',5);
INSERT INTO gym_equipment ( gym_id , equipment_id ) VALUES ('HdMry59BVauxdCeLYxE57g',5);
INSERT INTO gym_equipment ( gym_id , equipment_id ) VALUES ('_IR-_3-6d0DVIGs_Y1eDMQ',13);
INSERT INTO gym_equipment ( gym_id , equipment_id ) VALUES ('9PIbaCDRiKrYhbGTOiQq-Q',13);
INSERT INTO gym_equipment ( gym_id , equipment_id ) VALUES ('BcZKsIVhlg_KXQujLE3Kog',13);
INSERT INTO gym_equipment ( gym_id , equipment_id ) VALUES ('CPpiET0ozLyuG1Hg5pa17w',13);
INSERT INTO gym_equipment ( gym_id , equipment_id ) VALUES ('K6B5VVODkSSPZYWIbieukg',14);
INSERT INTO gym_equipment ( gym_id , equipment_id ) VALUES ('CqXzhN0eQ0fOnhQfDsj_xg',15);
INSERT INTO gym_equipment ( gym_id , equipment_id ) VALUES ('1eDc1V0xp1nSoq2eui_ESQ',16);
INSERT INTO gym_equipment ( gym_id , equipment_id ) VALUES ('bFtwbbJfb1reUootTTu1fw',16);
INSERT INTO gym_equipment ( gym_id , equipment_id ) VALUES ('HKQHujRFHIPCJCpS0igKJg',16);
INSERT INTO gym_equipment ( gym_id , equipment_id ) VALUES ('jiy1Ye6dWg_G6Q1P0Krsuw',16);
INSERT INTO gym_equipment ( gym_id , equipment_id ) VALUES ('jxfcLovdBv7B4ImelWwgdw',16);
INSERT INTO gym_equipment ( gym_id , equipment_id ) VALUES ('2mtvooUikAqce7XEXXhWew',17);
INSERT INTO gym_equipment ( gym_id , equipment_id ) VALUES ('HdMry59BVauxdCeLYxE57g',17);
INSERT INTO gym_equipment ( gym_id , equipment_id ) VALUES ('Iyu9QuIjmzISc5zMcgXQ1w',17);
INSERT INTO gym_equipment ( gym_id , equipment_id ) VALUES ('_IR-_3-6d0DVIGs_Y1eDMQ',18);
INSERT INTO gym_equipment ( gym_id , equipment_id ) VALUES ('9PIbaCDRiKrYhbGTOiQq-Q',18);
INSERT INTO gym_equipment ( gym_id , equipment_id ) VALUES ('BcZKsIVhlg_KXQujLE3Kog',18);
INSERT INTO gym_equipment ( gym_id , equipment_id ) VALUES ('CPpiET0ozLyuG1Hg5pa17w',18);
INSERT INTO gym_equipment ( gym_id , equipment_id ) VALUES ('_IR-_3-6d0DVIGs_Y1eDMQ',19);
INSERT INTO gym_equipment ( gym_id , equipment_id ) VALUES ('268lj7nUehEhHKrp9wrJcg',19);
INSERT INTO gym_equipment ( gym_id , equipment_id ) VALUES ('2qDUnhRCLkYab9y-1NfdmQ',19);
INSERT INTO gym_equipment ( gym_id , equipment_id ) VALUES ('7YSUwjblCYN_dlwA8MunYg',19);
INSERT INTO gym_equipment ( gym_id , equipment_id ) VALUES ('9PIbaCDRiKrYhbGTOiQq-Q',19);
INSERT INTO gym_equipment ( gym_id , equipment_id ) VALUES ('bcxPOQifAXjarDnFflRdGw',19);
INSERT INTO gym_equipment ( gym_id , equipment_id ) VALUES ('BcZKsIVhlg_KXQujLE3Kog',19);
INSERT INTO gym_equipment ( gym_id , equipment_id ) VALUES ('caVVSfViDMllHezmMDUR5w',19);
INSERT INTO gym_equipment ( gym_id , equipment_id ) VALUES ('CPpiET0ozLyuG1Hg5pa17w',19);
INSERT INTO gym_equipment ( gym_id , equipment_id ) VALUES ('g4Y5pz_6d4YgpnciQH4_EQ',19);
INSERT INTO gym_equipment ( gym_id , equipment_id ) VALUES ('HdMry59BVauxdCeLYxE57g',19);
INSERT INTO gym_equipment ( gym_id , equipment_id ) VALUES ('hIeg7TgV8Z4BxsD3sJ_ldQ',19);
INSERT INTO gym_equipment ( gym_id , equipment_id ) VALUES ('hIJ1ynOaUiIpnEeh7OzkcA',19);
INSERT INTO gym_equipment ( gym_id , equipment_id ) VALUES ('ihhoJaH4FF3hGKNI3cJS6Q',19);
INSERT INTO gym_equipment ( gym_id , equipment_id ) VALUES ('JHShyvYQ0f2vTF-dDGV0vw',19);
INSERT INTO gym_equipment ( gym_id , equipment_id ) VALUES ('K6B5VVODkSSPZYWIbieukg',19);
INSERT INTO gym_equipment ( gym_id , equipment_id ) VALUES ('k8hHsIU_3UDimYQ5aOtVpQ',19);
INSERT INTO gym_equipment ( gym_id , equipment_id ) VALUES ('kfCetrj6-bMX-8yTxJGJmA',19);
INSERT INTO gym_equipment ( gym_id , equipment_id ) VALUES ('Kk5wO7-eF8cAQeNawwN_wA',19);
INSERT INTO gym_equipment ( gym_id , equipment_id ) VALUES ('mTrt-7Km82ZC6DPJvZ89Ew',19);
INSERT INTO gym_equipment ( gym_id , equipment_id ) VALUES ('Or3cP2kT5Mh205TohHknzQ',19);
INSERT INTO gym_equipment ( gym_id , equipment_id ) VALUES ('rshqia0sMFbJtyNLK8Z5EQ',19);
INSERT INTO gym_equipment ( gym_id , equipment_id ) VALUES ('sI1IaYR3LQr8tWLUykw9aw',19);
INSERT INTO gym_equipment ( gym_id , equipment_id ) VALUES ('tnK2OlNVuRgN-Nwf4yMkzg',19);
INSERT INTO gym_equipment ( gym_id , equipment_id ) VALUES ('tP6u9sVxkdHT7bwLUCpepA',19);
INSERT INTO gym_equipment ( gym_id , equipment_id ) VALUES ('Vc8zN7vXpmmnfw8nTm0FoQ',19);
INSERT INTO gym_equipment ( gym_id , equipment_id ) VALUES ('Vy2N3YKGp3FJcaosROwjvw',19);
INSERT INTO gym_equipment ( gym_id , equipment_id ) VALUES ('W4hSqLrKyVgq_iwT3lRSug',19);
INSERT INTO gym_equipment ( gym_id , equipment_id ) VALUES ('WWBIC39Wo8_Z07r8Pqw5UQ',19);
INSERT INTO gym_equipment ( gym_id , equipment_id ) VALUES ('x-IqFJKPoyW4INAJHf70iA',19);
INSERT INTO gym_equipment ( gym_id , equipment_id ) VALUES ('XmYoi9vCCWwg46loiCntGQ',19);
INSERT INTO gym_equipment ( gym_id , equipment_id ) VALUES ('XXBmsClHhwHATBZkKVoK1w',19);
INSERT INTO gym_equipment ( gym_id , equipment_id ) VALUES ('4uoQVZ4Q6CO-aVI0TzCl6Q',20);
INSERT INTO gym_equipment ( gym_id , equipment_id ) VALUES ('HKQHujRFHIPCJCpS0igKJg',20);
INSERT INTO gym_equipment ( gym_id , equipment_id ) VALUES ('2mtvooUikAqce7XEXXhWew',21);
INSERT INTO gym_equipment ( gym_id , equipment_id ) VALUES ('_IR-_3-6d0DVIGs_Y1eDMQ',22);
INSERT INTO gym_equipment ( gym_id , equipment_id ) VALUES ('268lj7nUehEhHKrp9wrJcg',22);
INSERT INTO gym_equipment ( gym_id , equipment_id ) VALUES ('2qDUnhRCLkYab9y-1NfdmQ',22);
INSERT INTO gym_equipment ( gym_id , equipment_id ) VALUES ('4uoQVZ4Q6CO-aVI0TzCl6Q',22);
INSERT INTO gym_equipment ( gym_id , equipment_id ) VALUES ('7YSUwjblCYN_dlwA8MunYg',22);
INSERT INTO gym_equipment ( gym_id , equipment_id ) VALUES ('9PIbaCDRiKrYhbGTOiQq-Q',22);
INSERT INTO gym_equipment ( gym_id , equipment_id ) VALUES ('bcxPOQifAXjarDnFflRdGw',22);
INSERT INTO gym_equipment ( gym_id , equipment_id ) VALUES ('BcZKsIVhlg_KXQujLE3Kog',22);
INSERT INTO gym_equipment ( gym_id , equipment_id ) VALUES ('caVVSfViDMllHezmMDUR5w',22);
INSERT INTO gym_equipment ( gym_id , equipment_id ) VALUES ('CPpiET0ozLyuG1Hg5pa17w',22);
INSERT INTO gym_equipment ( gym_id , equipment_id ) VALUES ('g4Y5pz_6d4YgpnciQH4_EQ',22);
INSERT INTO gym_equipment ( gym_id , equipment_id ) VALUES ('HdMry59BVauxdCeLYxE57g',22);
INSERT INTO gym_equipment ( gym_id , equipment_id ) VALUES ('hIeg7TgV8Z4BxsD3sJ_ldQ',22);
INSERT INTO gym_equipment ( gym_id , equipment_id ) VALUES ('hIJ1ynOaUiIpnEeh7OzkcA',22);
INSERT INTO gym_equipment ( gym_id , equipment_id ) VALUES ('HKQHujRFHIPCJCpS0igKJg',22);
INSERT INTO gym_equipment ( gym_id , equipment_id ) VALUES ('ihhoJaH4FF3hGKNI3cJS6Q',22);
INSERT INTO gym_equipment ( gym_id , equipment_id ) VALUES ('Iyu9QuIjmzISc5zMcgXQ1w',22);
INSERT INTO gym_equipment ( gym_id , equipment_id ) VALUES ('JHShyvYQ0f2vTF-dDGV0vw',22);
INSERT INTO gym_equipment ( gym_id , equipment_id ) VALUES ('K6B5VVODkSSPZYWIbieukg',22);
INSERT INTO gym_equipment ( gym_id , equipment_id ) VALUES ('k8hHsIU_3UDimYQ5aOtVpQ',22);
INSERT INTO gym_equipment ( gym_id , equipment_id ) VALUES ('kfCetrj6-bMX-8yTxJGJmA',22);
INSERT INTO gym_equipment ( gym_id , equipment_id ) VALUES ('Kk5wO7-eF8cAQeNawwN_wA',22);
INSERT INTO gym_equipment ( gym_id , equipment_id ) VALUES ('mTrt-7Km82ZC6DPJvZ89Ew',22);
INSERT INTO gym_equipment ( gym_id , equipment_id ) VALUES ('Or3cP2kT5Mh205TohHknzQ',22);
INSERT INTO gym_equipment ( gym_id , equipment_id ) VALUES ('PdpIIgT_5nUa8S-9BZRAsg',22);
INSERT INTO gym_equipment ( gym_id , equipment_id ) VALUES ('rshqia0sMFbJtyNLK8Z5EQ',22);
INSERT INTO gym_equipment ( gym_id , equipment_id ) VALUES ('sI1IaYR3LQr8tWLUykw9aw',22);
INSERT INTO gym_equipment ( gym_id , equipment_id ) VALUES ('tnK2OlNVuRgN-Nwf4yMkzg',22);
INSERT INTO gym_equipment ( gym_id , equipment_id ) VALUES ('tP6u9sVxkdHT7bwLUCpepA',22);
INSERT INTO gym_equipment ( gym_id , equipment_id ) VALUES ('Vc8zN7vXpmmnfw8nTm0FoQ',22);
INSERT INTO gym_equipment ( gym_id , equipment_id ) VALUES ('Vy2N3YKGp3FJcaosROwjvw',22);
INSERT INTO gym_equipment ( gym_id , equipment_id ) VALUES ('W4hSqLrKyVgq_iwT3lRSug',22);
INSERT INTO gym_equipment ( gym_id , equipment_id ) VALUES ('WWBIC39Wo8_Z07r8Pqw5UQ',22);
INSERT INTO gym_equipment ( gym_id , equipment_id ) VALUES ('x-IqFJKPoyW4INAJHf70iA',22);
INSERT INTO gym_equipment ( gym_id , equipment_id ) VALUES ('XmYoi9vCCWwg46loiCntGQ',22);
INSERT INTO gym_equipment ( gym_id , equipment_id ) VALUES ('XXBmsClHhwHATBZkKVoK1w',22);
INSERT INTO gym_equipment ( gym_id , equipment_id ) VALUES ('1eDc1V0xp1nSoq2eui_ESQ',23);
INSERT INTO gym_equipment ( gym_id , equipment_id ) VALUES ('268lj7nUehEhHKrp9wrJcg',23);
INSERT INTO gym_equipment ( gym_id , equipment_id ) VALUES ('2qDUnhRCLkYab9y-1NfdmQ',23);
INSERT INTO gym_equipment ( gym_id , equipment_id ) VALUES ('bcxPOQifAXjarDnFflRdGw',23);
INSERT INTO gym_equipment ( gym_id , equipment_id ) VALUES ('bFtwbbJfb1reUootTTu1fw',23);
INSERT INTO gym_equipment ( gym_id , equipment_id ) VALUES ('HdMry59BVauxdCeLYxE57g',23);
INSERT INTO gym_equipment ( gym_id , equipment_id ) VALUES ('hIeg7TgV8Z4BxsD3sJ_ldQ',23);
INSERT INTO gym_equipment ( gym_id , equipment_id ) VALUES ('ihhoJaH4FF3hGKNI3cJS6Q',23);
INSERT INTO gym_equipment ( gym_id , equipment_id ) VALUES ('JHShyvYQ0f2vTF-dDGV0vw',23);
INSERT INTO gym_equipment ( gym_id , equipment_id ) VALUES ('jxfcLovdBv7B4ImelWwgdw',23);
INSERT INTO gym_equipment ( gym_id , equipment_id ) VALUES ('kfCetrj6-bMX-8yTxJGJmA',23);
INSERT INTO gym_equipment ( gym_id , equipment_id ) VALUES ('mTrt-7Km82ZC6DPJvZ89Ew',23);
INSERT INTO gym_equipment ( gym_id , equipment_id ) VALUES ('Or3cP2kT5Mh205TohHknzQ',23);
INSERT INTO gym_equipment ( gym_id , equipment_id ) VALUES ('rshqia0sMFbJtyNLK8Z5EQ',23);
INSERT INTO gym_equipment ( gym_id , equipment_id ) VALUES ('tnK2OlNVuRgN-Nwf4yMkzg',23);
INSERT INTO gym_equipment ( gym_id , equipment_id ) VALUES ('Vc8zN7vXpmmnfw8nTm0FoQ',23);
INSERT INTO gym_equipment ( gym_id , equipment_id ) VALUES ('WWBIC39Wo8_Z07r8Pqw5UQ',23);
INSERT INTO gym_equipment ( gym_id , equipment_id ) VALUES ('XXBmsClHhwHATBZkKVoK1w',23);
INSERT INTO gym_equipment ( gym_id , equipment_id ) VALUES ('268lj7nUehEhHKrp9wrJcg',24);
INSERT INTO gym_equipment ( gym_id , equipment_id ) VALUES ('2qDUnhRCLkYab9y-1NfdmQ',24);
INSERT INTO gym_equipment ( gym_id , equipment_id ) VALUES ('7YSUwjblCYN_dlwA8MunYg',24);
INSERT INTO gym_equipment ( gym_id , equipment_id ) VALUES ('bcxPOQifAXjarDnFflRdGw',24);
INSERT INTO gym_equipment ( gym_id , equipment_id ) VALUES ('caVVSfViDMllHezmMDUR5w',24);
INSERT INTO gym_equipment ( gym_id , equipment_id ) VALUES ('CqXzhN0eQ0fOnhQfDsj_xg',24);
INSERT INTO gym_equipment ( gym_id , equipment_id ) VALUES ('g4Y5pz_6d4YgpnciQH4_EQ',24);
INSERT INTO gym_equipment ( gym_id , equipment_id ) VALUES ('hIeg7TgV8Z4BxsD3sJ_ldQ',24);
INSERT INTO gym_equipment ( gym_id , equipment_id ) VALUES ('hIJ1ynOaUiIpnEeh7OzkcA',24);
INSERT INTO gym_equipment ( gym_id , equipment_id ) VALUES ('ihhoJaH4FF3hGKNI3cJS6Q',24);
INSERT INTO gym_equipment ( gym_id , equipment_id ) VALUES ('Iyu9QuIjmzISc5zMcgXQ1w',24);
INSERT INTO gym_equipment ( gym_id , equipment_id ) VALUES ('JHShyvYQ0f2vTF-dDGV0vw',24);
INSERT INTO gym_equipment ( gym_id , equipment_id ) VALUES ('jiy1Ye6dWg_G6Q1P0Krsuw',24);
INSERT INTO gym_equipment ( gym_id , equipment_id ) VALUES ('k8hHsIU_3UDimYQ5aOtVpQ',24);
INSERT INTO gym_equipment ( gym_id , equipment_id ) VALUES ('kfCetrj6-bMX-8yTxJGJmA',24);
INSERT INTO gym_equipment ( gym_id , equipment_id ) VALUES ('Kk5wO7-eF8cAQeNawwN_wA',24);
INSERT INTO gym_equipment ( gym_id , equipment_id ) VALUES ('mTrt-7Km82ZC6DPJvZ89Ew',24);
INSERT INTO gym_equipment ( gym_id , equipment_id ) VALUES ('Or3cP2kT5Mh205TohHknzQ',24);
INSERT INTO gym_equipment ( gym_id , equipment_id ) VALUES ('PdpIIgT_5nUa8S-9BZRAsg',24);
INSERT INTO gym_equipment ( gym_id , equipment_id ) VALUES ('rshqia0sMFbJtyNLK8Z5EQ',24);
INSERT INTO gym_equipment ( gym_id , equipment_id ) VALUES ('sI1IaYR3LQr8tWLUykw9aw',24);
INSERT INTO gym_equipment ( gym_id , equipment_id ) VALUES ('tnK2OlNVuRgN-Nwf4yMkzg',24);
INSERT INTO gym_equipment ( gym_id , equipment_id ) VALUES ('tP6u9sVxkdHT7bwLUCpepA',24);
INSERT INTO gym_equipment ( gym_id , equipment_id ) VALUES ('Vc8zN7vXpmmnfw8nTm0FoQ',24);
INSERT INTO gym_equipment ( gym_id , equipment_id ) VALUES ('Vy2N3YKGp3FJcaosROwjvw',24);
INSERT INTO gym_equipment ( gym_id , equipment_id ) VALUES ('W4hSqLrKyVgq_iwT3lRSug',24);
INSERT INTO gym_equipment ( gym_id , equipment_id ) VALUES ('WWBIC39Wo8_Z07r8Pqw5UQ',24);
INSERT INTO gym_equipment ( gym_id , equipment_id ) VALUES ('x-IqFJKPoyW4INAJHf70iA',24);
INSERT INTO gym_equipment ( gym_id , equipment_id ) VALUES ('XmYoi9vCCWwg46loiCntGQ',24);
INSERT INTO gym_equipment ( gym_id , equipment_id ) VALUES ('XXBmsClHhwHATBZkKVoK1w',24);
INSERT INTO gym_equipment ( gym_id , equipment_id ) VALUES ('1eDc1V0xp1nSoq2eui_ESQ',25);
INSERT INTO gym_equipment ( gym_id , equipment_id ) VALUES ('bFtwbbJfb1reUootTTu1fw',25);
INSERT INTO gym_equipment ( gym_id , equipment_id ) VALUES ('jxfcLovdBv7B4ImelWwgdw',25);
INSERT INTO gym_equipment ( gym_id , equipment_id ) VALUES ('1eDc1V0xp1nSoq2eui_ESQ',26);
INSERT INTO gym_equipment ( gym_id , equipment_id ) VALUES ('4uoQVZ4Q6CO-aVI0TzCl6Q',26);
INSERT INTO gym_equipment ( gym_id , equipment_id ) VALUES ('bFtwbbJfb1reUootTTu1fw',26);
INSERT INTO gym_equipment ( gym_id , equipment_id ) VALUES ('HKQHujRFHIPCJCpS0igKJg',26);
INSERT INTO gym_equipment ( gym_id , equipment_id ) VALUES ('jiy1Ye6dWg_G6Q1P0Krsuw',26);
INSERT INTO gym_equipment ( gym_id , equipment_id ) VALUES ('jxfcLovdBv7B4ImelWwgdw',26);
INSERT INTO gym_equipment ( gym_id , equipment_id ) VALUES ('sI1IaYR3LQr8tWLUykw9aw',26);
INSERT INTO gym_equipment ( gym_id , equipment_id ) VALUES ('W4hSqLrKyVgq_iwT3lRSug',26);
INSERT INTO gym_equipment ( gym_id , equipment_id ) VALUES ('XmYoi9vCCWwg46loiCntGQ',26);
INSERT INTO gym_equipment ( gym_id , equipment_id ) VALUES ('jiy1Ye6dWg_G6Q1P0Krsuw',27);
INSERT INTO gym_equipment ( gym_id , equipment_id ) VALUES ('2mtvooUikAqce7XEXXhWew',28);
INSERT INTO gym_equipment ( gym_id , equipment_id ) VALUES ('K6B5VVODkSSPZYWIbieukg',30);
INSERT INTO gym_equipment ( gym_id , equipment_id ) VALUES ('Kk5wO7-eF8cAQeNawwN_wA',31);
INSERT INTO gym_equipment ( gym_id , equipment_id ) VALUES ('268lj7nUehEhHKrp9wrJcg',32);
INSERT INTO gym_equipment ( gym_id , equipment_id ) VALUES ('2qDUnhRCLkYab9y-1NfdmQ',32);
INSERT INTO gym_equipment ( gym_id , equipment_id ) VALUES ('7YSUwjblCYN_dlwA8MunYg',32);
INSERT INTO gym_equipment ( gym_id , equipment_id ) VALUES ('bcxPOQifAXjarDnFflRdGw',32);
INSERT INTO gym_equipment ( gym_id , equipment_id ) VALUES ('ihhoJaH4FF3hGKNI3cJS6Q',32);
INSERT INTO gym_equipment ( gym_id , equipment_id ) VALUES ('Iyu9QuIjmzISc5zMcgXQ1w',32);
INSERT INTO gym_equipment ( gym_id , equipment_id ) VALUES ('JHShyvYQ0f2vTF-dDGV0vw',32);
INSERT INTO gym_equipment ( gym_id , equipment_id ) VALUES ('kfCetrj6-bMX-8yTxJGJmA',32);
INSERT INTO gym_equipment ( gym_id , equipment_id ) VALUES ('Kk5wO7-eF8cAQeNawwN_wA',32);
INSERT INTO gym_equipment ( gym_id , equipment_id ) VALUES ('mTrt-7Km82ZC6DPJvZ89Ew',32);
INSERT INTO gym_equipment ( gym_id , equipment_id ) VALUES ('Or3cP2kT5Mh205TohHknzQ',32);
INSERT INTO gym_equipment ( gym_id , equipment_id ) VALUES ('rshqia0sMFbJtyNLK8Z5EQ',32);
INSERT INTO gym_equipment ( gym_id , equipment_id ) VALUES ('tnK2OlNVuRgN-Nwf4yMkzg',32);
INSERT INTO gym_equipment ( gym_id , equipment_id ) VALUES ('tP6u9sVxkdHT7bwLUCpepA',32);
INSERT INTO gym_equipment ( gym_id , equipment_id ) VALUES ('Vc8zN7vXpmmnfw8nTm0FoQ',32);
INSERT INTO gym_equipment ( gym_id , equipment_id ) VALUES ('Vy2N3YKGp3FJcaosROwjvw',32);
INSERT INTO gym_equipment ( gym_id , equipment_id ) VALUES ('WWBIC39Wo8_Z07r8Pqw5UQ',32);
INSERT INTO gym_equipment ( gym_id , equipment_id ) VALUES ('XXBmsClHhwHATBZkKVoK1w',32);
INSERT INTO gym_equipment ( gym_id , equipment_id ) VALUES ('CqXzhN0eQ0fOnhQfDsj_xg',33);
INSERT INTO gym_equipment ( gym_id , equipment_id ) VALUES ('2mtvooUikAqce7XEXXhWew',34);
INSERT INTO gym_equipment ( gym_id , equipment_id ) VALUES ('CqXzhN0eQ0fOnhQfDsj_xg',34);
INSERT INTO gym_equipment ( gym_id , equipment_id ) VALUES ('hIeg7TgV8Z4BxsD3sJ_ldQ',34);
INSERT INTO gym_equipment ( gym_id , equipment_id ) VALUES ('Iyu9QuIjmzISc5zMcgXQ1w',34);
INSERT INTO gym_equipment ( gym_id , equipment_id ) VALUES ('4uoQVZ4Q6CO-aVI0TzCl6Q',35);
INSERT INTO gym_equipment ( gym_id , equipment_id ) VALUES ('PdpIIgT_5nUa8S-9BZRAsg',36);
INSERT INTO gym_equipment ( gym_id , equipment_id ) VALUES ('1eDc1V0xp1nSoq2eui_ESQ',37);
INSERT INTO gym_equipment ( gym_id , equipment_id ) VALUES ('bFtwbbJfb1reUootTTu1fw',37);
INSERT INTO gym_equipment ( gym_id , equipment_id ) VALUES ('caVVSfViDMllHezmMDUR5w',37);
INSERT INTO gym_equipment ( gym_id , equipment_id ) VALUES ('hIJ1ynOaUiIpnEeh7OzkcA',37);
INSERT INTO gym_equipment ( gym_id , equipment_id ) VALUES ('jxfcLovdBv7B4ImelWwgdw',37);
INSERT INTO gym_equipment ( gym_id , equipment_id ) VALUES ('k8hHsIU_3UDimYQ5aOtVpQ',37);
INSERT INTO gym_equipment ( gym_id , equipment_id ) VALUES ('sI1IaYR3LQr8tWLUykw9aw',37);
INSERT INTO gym_equipment ( gym_id , equipment_id ) VALUES ('Vy2N3YKGp3FJcaosROwjvw',37);
INSERT INTO gym_equipment ( gym_id , equipment_id ) VALUES ('W4hSqLrKyVgq_iwT3lRSug',37);
INSERT INTO gym_equipment ( gym_id , equipment_id ) VALUES ('x-IqFJKPoyW4INAJHf70iA',37);
INSERT INTO gym_equipment ( gym_id , equipment_id ) VALUES ('XmYoi9vCCWwg46loiCntGQ',37);
INSERT INTO gym_equipment ( gym_id , equipment_id ) VALUES ('_IR-_3-6d0DVIGs_Y1eDMQ',38);
INSERT INTO gym_equipment ( gym_id , equipment_id ) VALUES ('9PIbaCDRiKrYhbGTOiQq-Q',38);
INSERT INTO gym_equipment ( gym_id , equipment_id ) VALUES ('BcZKsIVhlg_KXQujLE3Kog',38);
INSERT INTO gym_equipment ( gym_id , equipment_id ) VALUES ('CPpiET0ozLyuG1Hg5pa17w',38);
INSERT INTO gym_equipment ( gym_id , equipment_id ) VALUES ('caVVSfViDMllHezmMDUR5w',39);
INSERT INTO gym_equipment ( gym_id , equipment_id ) VALUES ('hIJ1ynOaUiIpnEeh7OzkcA',39);
INSERT INTO gym_equipment ( gym_id , equipment_id ) VALUES ('k8hHsIU_3UDimYQ5aOtVpQ',39);
INSERT INTO gym_equipment ( gym_id , equipment_id ) VALUES ('x-IqFJKPoyW4INAJHf70iA',39);
INSERT INTO gym_equipment ( gym_id , equipment_id ) VALUES ('CqXzhN0eQ0fOnhQfDsj_xg',40);
INSERT INTO gym_equipment ( gym_id , equipment_id ) VALUES ('tP6u9sVxkdHT7bwLUCpepA',41);
INSERT INTO gym_equipment ( gym_id , equipment_id ) VALUES ('PdpIIgT_5nUa8S-9BZRAsg',42);
INSERT INTO gym_equipment ( gym_id , equipment_id ) VALUES ('7YSUwjblCYN_dlwA8MunYg',43);
INSERT INTO gym_equipment ( gym_id , equipment_id ) VALUES ('PdpIIgT_5nUa8S-9BZRAsg',44);
INSERT INTO gym_equipment ( gym_id , equipment_id ) VALUES ('4uoQVZ4Q6CO-aVI0TzCl6Q',45);
INSERT INTO gym_equipment ( gym_id , equipment_id ) VALUES ('g4Y5pz_6d4YgpnciQH4_EQ',45);
INSERT INTO gym_equipment ( gym_id , equipment_id ) VALUES ('HKQHujRFHIPCJCpS0igKJg',45);
INSERT INTO gym_equipment ( gym_id , equipment_id ) VALUES ('g4Y5pz_6d4YgpnciQH4_EQ',46);
INSERT INTO gym_equipment ( gym_id , equipment_id ) VALUES ('jiy1Ye6dWg_G6Q1P0Krsuw',47);
INSERT INTO gym_equipment ( gym_id , equipment_id ) VALUES ('K6B5VVODkSSPZYWIbieukg',48);

-- exercise info
INSERT INTO exercises ( exercise_id , exercise_name , motion , level , mechanic , related_equip_id , muscle_group , body , video_link ) VALUES ('Ab_Crunch_Machine','Ab Crunch Machine','pull','intermediate','isolation',2,'abdominals','Ab Crunch Machine provides controlled resistance to isolate the rectus abdominis while minimizing hip flexor involvement and lower back stress. Seated with back firmly against the pad and feet secured under rollers, the user grips handles at chest height. Initiating from a neutral spine, exhale to contract the abs and curl the torso forward, drawing the ribs toward the pelvis. Pause briefly at peak contraction to reinforce mind muscle connection, then inhale while returning under control to the start position. The machine''s guided path ensures consistent technique and reduces compensatory motion. Resistance is adjusted via a weight stack to suit beginners through advanced users. Proper execution emphasizes scapular retraction and core bracing to prevent momentum and lumbar flexion. Perform 3 to 4 sets of 10 to 15 reps, focusing on smooth eccentric and concentric phases. Regular inclusion improves core endurance, spinal stability, and posture, while reducing risk of lower back discomfort by building a stronger anterior core support system.','https://www.youtube.com/embed/CNHS2OoUi30');
INSERT INTO exercises ( exercise_id , exercise_name , motion , level , mechanic , related_equip_id , muscle_group , body , video_link ) VALUES ('Ab_Roller','Ab Roller','pull','intermediate','compound',3,'abdominals','Ab Roller is a dynamic core exercise using an ab wheel to challenge stability and strengthen the entire midsection through full body tension. Kneel on a mat with the ab roller positioned under the shoulders and hands gripping the handles. Engage the core and glutes to maintain a straight line from knees to head. Exhale while rolling the wheel forward, extending the torso until the body is parallel to the floor and abs are fully engaged. Avoid sagging at the hips by keeping glutes and quads braced. Inhale while rolling back under control, using abdominal contraction to return to start. Beginners may limit range of motion or perform from an incline; advanced users can progress to standing rollouts. Perform 3 to 5 sets of 6 to 12 reps with slow tempo to maximize tension. This movement recruits rectus abdominis, transverse abdominis, and obliques, while requiring scapular and hip stabilization to protect the spine and improve functional strength.','https://www.youtube.com/embed/iwyX_jOi_UQ');
INSERT INTO exercises ( exercise_id , exercise_name , motion , level , mechanic , related_equip_id , muscle_group , body , video_link ) VALUES ('Adductor','Adductor','static','intermediate','isolation',4,'adductors','Adductor machine isolates the inner thigh musculature by guiding hip adduction under controlled resistance. Seated with knees bent and hips aligned, the user places legs against two pads adjustable to body width. Exhale to press the pads together, squeezing the adductor magnus, longus, and brevis. Pause at peak contraction, then inhale as the pads return under control. Proper setup includes upright torso and neutral spine to prevent torso tilt. Resistance via weight stack accommodates varied strength levels. Perform 3 to 4 sets of 12 to 15 reps, focusing on steady tempo and full range of motion. Developing stronger adductors enhances lateral stability, supports knee health, and improves athletic movements such as cutting and change of direction. Controlled eccentric phase promotes muscle balance and reduces injury risk by reinforcing pelvic control and hip joint integrity.','https://www.youtube.com/embed/ftcovjYotHk');
INSERT INTO exercises ( exercise_id , exercise_name , motion , level , mechanic , related_equip_id , muscle_group , body , video_link ) VALUES ('Air_Bike','Air Bike','pull','beginner','compound',1,'abdominals','Air Bike is a fan resisted cardio machine that engages both upper and lower body through pedaling and arm cranking. Seated with feet on pedals and hands gripping moving handles, the user drives the pedals and pushes and pulls the handles in a coordinated cycling motion. The harder the effort, the greater the wind resistance generated by the fan, providing infinite variable load. Maintain upright posture, core bracing, and full range of motion in the arms. Sessions range from steady state to HIIT, performing intervals of 20 seconds to several minutes with equal rest or active recovery. Benefits include maximal calorie expenditure, cardiovascular endurance, and muscular endurance in quads, hamstrings, glutes, deltoids, lats, and core stabilizers. Regular use improves aerobic capacity, leg and arm power, and metabolic conditioning without joint impact.','https://www.youtube.com/embed/1K2GIpSd8ws');
INSERT INTO exercises ( exercise_id , exercise_name , motion , level , mechanic , related_equip_id , muscle_group , body , video_link ) VALUES ('Alternate_Hammer_Curl','Alternate Hammer Curl','pull','beginner','isolation',6,'biceps','Alternate Hammer Curl targets the brachialis and brachioradialis through a neutral grip curl that reduces biceps brachii dominance. Standing with dumbbells at the sides and palms facing inward, exhale as you curl one dumbbell toward the shoulder while keeping the wrist neutral. Pause at peak contraction, then inhale as you lower under control. Simultaneously or alternating, repeat on the opposite arm. Proper form includes upright torso, braced core, and elbows fixed at the sides. Perform 3 to 4 sets of 8 to 12 reps per arm, focusing on controlled tempo and preventing momentum. This unilateral approach corrects strength imbalances, enhances forearm thickness, and supports grip strength for pulling movements. Balanced hammer strength transfers to improved deadlift and row performance by reinforcing elbow stability.','https://www.youtube.com/embed/WGTCVgCqLqM');
INSERT INTO exercises ( exercise_id , exercise_name , motion , level , mechanic , related_equip_id , muscle_group , body , video_link ) VALUES ('Alternating_Cable_Shoulder_Press','Alternating Cable Shoulder Press','push','beginner','compound',7,'shoulders','Alternating Cable Shoulder Press develops unilateral shoulder strength and stability by pressing one handle overhead at a time against cable resistance. Standing or seated between dual cable stations, grasp handles at ear level with elbows bent. Exhale as you press one handle fully overhead, locking out at the elbow. Keep the opposite handle at ear height to maintain balance while bracing the core. Pause briefly, then inhale as you lower under control and press the opposite side. Maintain upright torso and neutral spine to avoid excessive arching. Perform 3 to 4 sets of 8 to 10 reps per arm, focusing on smooth transitions and balanced force output. This exercise targets all deltoid heads, triceps, and core stabilizers, reinforcing anti rotation and shoulder girdle coordination for overhead activities.','https://www.youtube.com/embed/RoLdoKk-FkM');
INSERT INTO exercises ( exercise_id , exercise_name , motion , level , mechanic , related_equip_id , muscle_group , body , video_link ) VALUES ('Alternating_Deltoid_Raise','Alternating Deltoid Raise','push','beginner','isolation',6,'shoulders','Alternating Deltoid Raise isolates the lateral deltoid by lifting one arm laterally at a time while maintaining core stability. Standing with dumbbells at the sides and palms facing the torso, exhale as you raise one dumbbell out to the side until the arm is parallel to the floor with a slight elbow bend. Pause at peak contraction, then inhale as you lower under control while simultaneously performing the same movement with the opposite arm. Keep shoulders depressed, core braced, and torso upright. Perform 3 to 4 sets of 10 to 15 reps per arm, emphasizing strict form to prevent momentum. This unilateral variation improves shoulder symmetry, lateral width, and scapular control under load for enhanced overhead stability.','https://www.youtube.com/embed/zg8BvNfsVek');
INSERT INTO exercises ( exercise_id , exercise_name , motion , level , mechanic , related_equip_id , muscle_group , body , video_link ) VALUES ('Alternating_Floor_Press','Alternating Floor Press','push','beginner','compound',5,'chest','Alternating Floor Press builds upper body pressing strength by combining a floor press with unilateral emphasis. Lying supine with feet flat and dumbbells in each hand, extend arms overhead. Exhale as you lower one dumbbell until the upper arm contacts the floor, pause, then press back up. Alternate sides continuously. The floor limits elbow range, focusing on mid to lockout phase and reducing shoulder strain. Maintain braced core and neutral spine throughout. Perform 3 to 5 sets of 6 to 8 reps per side, focusing on controlled descent and explosive lockout. This exercise targets pectorals, triceps, and anterior deltoids while reinforcing unilateral strength and stability for improved pressing mechanics.','https://www.youtube.com/embed/iug7nscPFuk');
INSERT INTO exercises ( exercise_id , exercise_name , motion , level , mechanic , related_equip_id , muscle_group , body , video_link ) VALUES ('Alternating_Hang_Clean','Alternating Hang Clean','pull','intermediate','compound',5,'hamstrings','Alternating Hang Clean is a unilateral power movement that trains explosive hip extension, coordination, and shoulder rack position. Standing with a light barbell or dumbbells at thigh level, hinge at the hips and bend the knees slightly. Exhale while aggressively extending hips and knees, shrugging shoulders to pull the weight upward. At mid thigh, pull underneath unilaterally, rotating the elbow under the weight to receive it in a partial front rack. Lower under control back to hang position and repeat on the opposite side. Keep core braced and back flat. Perform 3 to 4 sets of 3 to 5 reps per side, focusing on timing between lower and upper body. This variation reinforces singleleg balance, hip drive, and rapid turnover for athletic and Olympic lifting proficiency.','https://www.youtube.com/embed/ee0hJzll6wM');
INSERT INTO exercises ( exercise_id , exercise_name , motion , level , mechanic , related_equip_id , muscle_group , body , video_link ) VALUES ('Alternating_Kettlebell_Row','Alternating Kettlebell Row','pull','intermediate','isolation',5,'middle back','Alternating Kettlebell Row targets the latissimus dorsi and upper back through unilateral pulling with a kettlebell. Place one knee and the sameside hand on a bench, back parallel to the floor, and grip the kettlebell in the free hand. Exhale as you row the kettlebell toward the hip, retracting the scapula. Pause, then inhale as you lower under control. Switch sides after completing reps. Maintain a neutral spine and braced core. Perform 3 to 4 sets of 8 to 12 reps per arm, focusing on strict form and preventing torso rotation. This exercise corrects imbalances, improves scapular stability, and enhances functional pulling strength.','https://www.youtube.com/embed/jMfH3D2hiGc');
INSERT INTO exercises ( exercise_id , exercise_name , motion , level , mechanic , related_equip_id , muscle_group , body , video_link ) VALUES ('Alternating_Renegade_Row','Alternating Renegade Row','pull','expert','compound',5,'middle back','Alternating Renegade Row combines plank and row for full body stabilization and upper back development. Begin in a high plank with hands on dumbbells under shoulders and feet wide. Keep body in a straight line. Exhale as you row one dumbbell toward the hip, elbow tight. Lower under control and perform the same on the opposite side. Brace the core and squeeze glutes to prevent hip rotation. Perform 3 to 4 sets of 6 to 10 reps per arm, maintaining plank integrity. This movement builds core endurance, scapular stability, and unilateral back strength in a loaded plank position.','https://www.youtube.com/embed/YUMXGLL2IKE');
INSERT INTO exercises ( exercise_id , exercise_name , motion , level , mechanic , related_equip_id , muscle_group , body , video_link ) VALUES ('Arnold_Dumbbell_Press','Arnold Dumbbell Press','push','intermediate','compound',6,'shoulders','Arnold Dumbbell Press is a rotational shoulder press that maximizes deltoid recruitment through an elbow pronation supination sequence. Seated or standing, hold dumbbells at shoulder height with palms facing the torso. Exhale as you press upward, rotating palms to face forward at lockout. Pause, then inhale while lowering and rotating palms back to start. Keep core braced and back neutral. Perform 3 to 4 sets of 8 to 12 reps, focusing on smooth rotation and full range. This variation engages all three deltoid heads, improves shoulder mobility, and enhances stability through the movement.','https://www.youtube.com/embed/6Z15_WdXmVw');
INSERT INTO exercises ( exercise_id , exercise_name , motion , level , mechanic , related_equip_id , muscle_group , body , video_link ) VALUES ('Atlas_Stones','Atlas Stones','pull','expert','compound',3,'lower back','Atlas Stones involves lifting heavy spherical stones from the ground to a platform or lap in strongman style. Starting with feet shoulderwidth, hinge hips and squat to grasp the stone against the body. Drive through the legs and hips to lift the stone onto the lap. Reset grip, then extend the hips and roll the stone up the torso and onto a platform. Complete 3 to 5 reps for 3 to 4 sets with gradual load progression. Focus on maintaining neutral spine, tight core, and explosive hip drive. This exercise trains full body strength, grip, and coordination under awkward load conditions, enhancing posterior chain and upper back power.','https://www.youtube.com/embed/Pi75N7fwKes');
INSERT INTO exercises ( exercise_id , exercise_name , motion , level , mechanic , related_equip_id , muscle_group , body , video_link ) VALUES ('Axle_Deadlift','Axle Deadlift','pull','intermediate','compound',3,'lower back','Axle Deadlift uses a thick axle bar to increase grip challenge while developing posterior chain strength. From a standing position over the axle, hinge at the hips and bend knees to grip with double overhand or mixed grip. Pull the slack out, brace core, and extend hips and knees to stand. Keep the bar close and back neutral. Lower under control. Beginners may use straps. Perform 3 to 5 sets of 3 to 6 reps, focusing on grip endurance and hip drive. This variation enhances forearm strength, overall pulling power, and mental toughness under thick bar loading.','https://www.youtube.com/embed/eRJE8Lc3Lc4');
INSERT INTO exercises ( exercise_id , exercise_name , motion , level , mechanic , related_equip_id , muscle_group , body , video_link ) VALUES ('Ball_Leg_Curl','Ball Leg Curl','pull','beginner','isolation',11,'hamstrings','Ball Leg Curl uses a stability ball to target hamstrings and glutes through knee flexion and hip stability. Lie supine with heels on the ball and hips elevated in a bridge. Exhale to roll the ball toward the glutes by bending the knees, maintaining hip height. Pause, then inhale while extending legs to roll the ball away. Keep core braced and hips locked. Perform 3 to 4 sets of 10 to 15 reps, focusing on controlled tempo and preventing hip drop. This exercise strengthens the posterior chain, improves core stability, and enhances muscle coordination for compound lifts.','https://www.youtube.com/embed/XkESHgkTdFw');
INSERT INTO exercises ( exercise_id , exercise_name , motion , level , mechanic , related_equip_id , muscle_group , body , video_link ) VALUES ('Band_Good_Morning','Band Good Morning','pull','beginner','compound',9,'hamstrings','Band Good Morning is a hip hinge movement using a resistance band anchored under the feet and looped around the neck or shoulders. Stand on the band with feet hipwidth, grasp ends at shoulder height, hinge at hips with slight knee bend, lowering the torso until parallel to the floor. Exhale as you extend hips to return upright, squeezing glutes. Pause, then repeat. Perform 3 to 4 sets of 12 to 15 reps with controlled tempo. This exercise trains hamstrings, glutes, and erector spinae while reinforcing proper hinge mechanics and core stability under variable resistance.','https://www.youtube.com/embed/CTRaCzE8pWU');
INSERT INTO exercises ( exercise_id , exercise_name , motion , level , mechanic , related_equip_id , muscle_group , body , video_link ) VALUES ('Band_Pull_Apart','Band Pull Apart','pull','beginner','isolation',9,'shoulders','Band Pull Apart strengthens the upper back and rear delts by pulling a resistance band apart at shoulder height. Grasp the band with arms extended and palms down. Exhale as you retract the scapulae and separate the hands until arms align with the torso. Pause, then inhale as you return under control. Keep arms straight and elbows soft. Perform 3 to 4 sets of 15 to 20 reps, emphasizing scapular squeeze and posture. This exercise improves shoulder stability, counters anterior muscle dominance, and supports healthy overhead movement.','https://www.youtube.com/embed/osRimvxXlKQ');
INSERT INTO exercises ( exercise_id , exercise_name , motion , level , mechanic , related_equip_id , muscle_group , body , video_link ) VALUES ('Band_Skull_Crusher','Band Skull Crusher','push','beginner','isolation',9,'triceps','Band Skull Crusher uses a resistance band anchored overhead or behind to isolate the triceps. Lie supine on a bench with the band held overhead, elbows fixed at chest height. Exhale as you hinge at the elbows to lower hands toward the forehead. Pause for stretch, then inhale while extending elbows to return. Maintain upper arm stability. Perform 3 to 4 sets of 10 to 15 reps with smooth eccentric. This variation provides accommodating resistance, loading triceps evenly through range and enhancing lockout strength.','https://www.youtube.com/embed/xtb-gltsmMU');
INSERT INTO exercises ( exercise_id , exercise_name , motion , level , mechanic , related_equip_id , muscle_group , body , video_link ) VALUES ('Barbell_Ab_Rollout','Barbell Ab Rollout','pull','intermediate','compound',8,'abdominals','Barbell Ab Rollout uses a loaded barbell to challenge full body tension and core strength. Kneel with a barbell in front, grip at shoulder width, and brace the core. Exhale as you roll the barbell forward, extending the arms and spine until parallel to the floor. Keep glutes and quads engaged to prevent sag. Inhale while contracting abs to roll back to start. Perform 3 to 5 sets of 6 to 10 reps with controlled tempo. This movement recruits rectus abdominis, transverse abdominis, and shoulders for spinal stability and improves carryover to compound lifts.','https://www.youtube.com/embed/3C1TRMJveXo');
INSERT INTO exercises ( exercise_id , exercise_name , motion , level , mechanic , related_equip_id , muscle_group , body , video_link ) VALUES ('Barbell_Curl','Barbell Curl','pull','beginner','isolation',8,'biceps','Barbell Curl is a classic biceps exercise performed standing with a barbell held at hip level. Grasp the bar with underhand grip shoulderwidth apart. Exhale as you curl the bar toward the shoulders by flexing the elbows, keeping upper arms stationary. Pause at peak contraction, then inhale while lowering under control to full extension. Maintain upright torso and braced core. Perform 3 to 4 sets of 8 to 12 reps, focusing on strict form and preventing momentum. Variations include EZbar and preacher bench. Benefits include biceps hypertrophy, improved elbow stability, and functional pulling strength.','https://www.youtube.com/embed/9Q7qbqAFw9Y');
INSERT INTO exercises ( exercise_id , exercise_name , motion , level , mechanic , related_equip_id , muscle_group , body , video_link ) VALUES ('Barbell_Deadlift','Barbell Deadlift','pull','intermediate','compound',8,'lower back','Barbell Deadlift is the king of lifts for developing totalbody strength, power, and posteriorchain hypertrophy. From a stance with feet hipwidth under the bar, hinge at the hips and bend the knees, gripping the barbell outside the legs with a doubleoverhand or mixed grip. Before the pull, retract the shoulder blades, brace the core, and set a neutral spine. Exhale as you drive through the heels, extending the hips and knees in unison to lift the bar, keeping it close to your legs. At lockout, fully extend the hips, squeeze the glutes, and stand tall with shoulders back. Inhale as you hinge at the hips and bend the knees to lower the bar with control, maintaining tension in the posterior chain. Proper breathing, foot drive, and bar path alignment optimize force transfer and reduce injury risk. Perform 35 sets of 38 reps based on training goals: lower reps and higher loads for maximal strength, higher reps for hypertrophy. Variations include sumo stance, deficit deadlifts, and snatchgrip deadlifts to target specific muscle groups and movement patterns. Consistent practice improves grip strength, core stability, bone density, and athletic performance across sprinting, jumping, and throwing sports.','https://www.youtube.com/embed/yPqv3ejnZvc');
INSERT INTO exercises ( exercise_id , exercise_name , motion , level , mechanic , related_equip_id , muscle_group , body , video_link ) VALUES ('Barbell_Full_Squat','Barbell Full Squat','push','intermediate','compound',8,'quadriceps','Barbell Full Squat is a fundamental compound movement that builds lowerbody strength, mobility, and hormonal response. With a barbell across the upper traps and feet shoulderwidth apart, inhale to brace the core and push the hips back as you bend the knees, descending until the hip crease drops below the knee line (breaking parallel). Keep the chest up, spine neutral, and knees tracking over toes. Pause briefly to remove rebound, then exhale while driving through the heels, extending hips and knees to return to standing. Proper foot pressure and hipankle mobility ensure safe depth and knee health. Perform 35 sets of 312 reps, using heavier loads for strength or lighter loads and higher reps for hypertrophy, or adding tempo variations (e.g., 3second descent) for time under tension. Incorporate variations like highbar, lowbar, front squats, or box squats to target different muscle groups and refine technique. Consistent full squatting enhances quadriceps, glute, hamstring, and spinal erector development, improves athletic performance, and supports functional daily movements.','https://www.youtube.com/embed/PPmvh7gBTi0');
INSERT INTO exercises ( exercise_id , exercise_name , motion , level , mechanic , related_equip_id , muscle_group , body , video_link ) VALUES ('Barbell_Glute_Bridge','Barbell Glute Bridge','push','intermediate','compound',8,'glutes','Barbell Glute Bridge is a hipdominant exercise targeting the gluteus maximus, hamstrings, and spinal erectors. Lie supine on the floor or bench with feet planted and barbell positioned across the hips. Brace the core and exhale as you drive through the heels, extending the hips until your torso forms a straight line from shoulders to knees. Squeeze the glutes at the top for maximal contraction. Inhale and lower the hips under control until just above the ground. Maintain neutral spine and avoid overarching. Perform 34 sets of 815 reps, adjusting load for strength or hypertrophy goals. Variations include singleleg bridges, elevated foot positions, or adding a band around the knees to engage abductors. Barbell glute bridges strengthen the posterior chain, improve squat and deadlift lockout performance, and enhance hip extension power for athletic sprinting and jumping.','https://www.youtube.com/embed/0od5lwWMGV8');
INSERT INTO exercises ( exercise_id , exercise_name , motion , level , mechanic , related_equip_id , muscle_group , body , video_link ) VALUES ('Barbell_Hack_Squat','Barbell Hack Squat','push','intermediate','compound',8,'quadriceps','Barbell Hack Squat is a quaddominant lift performed by holding a barbell behind the legs or on a hack squat machine. For the barbell version, stand with the barbell behind the calves, grip it with an overhand grip, and hinge slightly at the hips. Exhale as you squat down by bending the knees and hips, lowering until thighs are parallel to the floor. Keep the bar close to the body, chest up, and core braced. Pause, then drive through the heels to stand, fully extending the hips and knees. Maintain an upright torso and neutral spine to minimize lowerback strain. Perform 35 sets of 612 reps for strength or hypertrophy. This movement isolates the quadriceps, improves patellar tracking, and diversifies stimulus away from traditional back squats for balanced leg development.','https://www.youtube.com/embed/EdtaJRBqwes');
INSERT INTO exercises ( exercise_id , exercise_name , motion , level , mechanic , related_equip_id , muscle_group , body , video_link ) VALUES ('Barbell_Hip_Thrust','Barbell Hip Thrust','push','intermediate','compound',8,'glutes','Barbell Hip Thrust is the gold standard for glute development, performed by positioning your upper back on a bench and feet flat under the hips with a barbell across the pelvis. Brace your core, then exhale as you extend the hips, driving through the heels until the torso is parallel to the floor. Squeeze the glutes at lockout and hold briefly. Inhale as you lower the hips under control until just above the ground. Maintain knee alignment over the ankles and neutral spine throughout the movement. Perform 35 sets of 815 reps, adding tempo variations (e.g., 2second pause) for increased tension. Variations include singleleg hip thrusts or bandresisted versions to enhance abductor engagement. Barbell hip thrusts dramatically improve hip extension strength, glute size, and athletic performance in sprinting and jumping.','https://www.youtube.com/embed/L1qG25DhAk4');
INSERT INTO exercises ( exercise_id , exercise_name , motion , level , mechanic , related_equip_id , muscle_group , body , video_link ) VALUES ('Barbell_Lunge','Barbell Lunge','push','intermediate','compound',8,'quadriceps','Barbell Lunge is a unilateral lowerbody exercise that develops quadriceps, glutes, hamstrings, and balance by stepping forward into a lunge with a barbell on the upper back. From standing, grip the barbell at shoulder height and step forward with one leg, lowering until the front thigh is parallel to the floor and the rear knee nearly touches the ground. Maintain an upright torso and braced core. Drive through the front heel to return to standing, then repeat on the opposite leg or alternate. Perform 34 sets of 812 reps per leg. Proper form prevents knee valgus and ensures even loading, correcting muscular imbalances and improving functional strength for athletic movements.','https://www.youtube.com/embed/NcDtORTfVNQ');
INSERT INTO exercises ( exercise_id , exercise_name , motion , level , mechanic , related_equip_id , muscle_group , body , video_link ) VALUES ('Barbell_Rear_Delt_Row','Barbell Rear Delt Row','pull','beginner','compound',8,'shoulders','Barbell Rear Delt Row targets the posterior deltoids and upper back through a bentover horizontal pulling motion. Hinge at the hips with a slight knee bend, keeping a neutral spine, and grip the barbell with an overhand grip at shoulder width. Exhale as you row the barbell toward the upper chest, flaring the elbows out to emphasize reardelt activation. Squeeze the shoulder blades together at the top, then inhale as you lower the bar under control to full arm extension. Perform 34 sets of 812 reps, focusing on strict form and avoiding torso rotation. This exercise improves shoulder health, posture, and balanced deltoid development.','https://www.youtube.com/embed/XagV4XfG9fo');
INSERT INTO exercises ( exercise_id , exercise_name , motion , level , mechanic , related_equip_id , muscle_group , body , video_link ) VALUES ('Barbell_Shoulder_Press','Barbell Shoulder Press','push','intermediate','compound',8,'shoulders','Barbell Shoulder Press is a compound upperbody movement that builds deltoid and triceps strength. Standing or seated, grip the barbell at shoulder height with hands just outside shoulder width. Unrack with a tight core and braced glutes. Exhale as you press the barbell overhead in a straight line, fully extending the elbows without locking harshly. Keep the head neutral and avoid excessive lumbar arch. Inhale while lowering under control to the start. Perform 35 sets of 512 reps, varying load for strength or hypertrophy. Proper scapular stability and core engagement ensure safe overhead pressing mechanics and functional shoulder development.','https://www.youtube.com/embed/G2qpTG1Eh40');
INSERT INTO exercises ( exercise_id , exercise_name , motion , level , mechanic , related_equip_id , muscle_group , body , video_link ) VALUES ('Barbell_Shrug','Barbell Shrug','pull','beginner','isolation',8,'traps','Barbell Shrug is an isolation exercise targeting the upper trapezius. Stand with feet hipwidth under a barbell and grip at shoulder width. Keep arms straight and back neutral. Exhale as you elevate the shoulders toward the ears, pausing at peak contraction. Inhale as you lower under control to the start. Perform 34 sets of 815 reps, avoiding shoulder rolling to protect the joint. This movement builds trap size, supports posture, and enhances deadlift and row lockout strength.','https://www.youtube.com/embed/zfAHfyTB_Ao');
INSERT INTO exercises ( exercise_id , exercise_name , motion , level , mechanic , related_equip_id , muscle_group , body , video_link ) VALUES ('Barbell_Side_Bend','Barbell Side Bend','pull','beginner','isolation',8,'abdominals','Barbell Side Bend isolates the obliques through lateral flexion. Stand upright with feet shoulderwidth and hold a barbell across the upper traps. With the core braced, exhale as you bend the torso to one side, lowering the barbell toward the knee. Pause briefly, then inhale as you contract the opposite oblique to return upright. Perform 34 sets of 1215 reps per side, focusing on controlled movement without rotating the hips. This exercise strengthens lateral core stability and enhances trunk control in functional and athletic movements.','https://www.youtube.com/embed/06Vv7GrblPQ');
INSERT INTO exercises ( exercise_id , exercise_name , motion , level , mechanic , related_equip_id , muscle_group , body , video_link ) VALUES ('Barbell_Squat','Barbell Squat','push','beginner','compound',8,'quadriceps','Barbell Squat is a foundational compound movement that builds lowerbody and core strength. With a barbell across the upper traps, feet shoulderwidth apart, brace the core and inhale before descending by pushing the hips back and bending the knees. Continue until the hip crease is below the knee line, ensuring knees track over toes. Exhale as you drive through the heels and midfoot to return to standing, fully extending hips and knees. Keep the chest up and spine neutral throughout. Perform 35 sets of 312 reps based on strength versus hypertrophy goals. Proper depth and technique maximize muscle recruitment, improve mobility, and reduce injury risk.','https://www.youtube.com/embed/PPmvh7gBTi0');
INSERT INTO exercises ( exercise_id , exercise_name , motion , level , mechanic , related_equip_id , muscle_group , body , video_link ) VALUES ('Bear_Crawl_Sled_Drags','Bear Crawl Sled Drags','push','beginner','compound',3,'quadriceps','Bear Crawl Sled Drags combine quadrupedal locomotion with sled pulling to build totalbody strength and conditioning. Attach a sled harness or strap around the waist, get into a bear crawl position on hands and feet with hips low, shoulders over hands, and core engaged. Crawl forward, dragging the sled, by moving opposite hand and foot in coordination. Maintain a flat back and stable hips. Perform 46 sets of 2030 meters. This exercise activates shoulders, core, glutes, and quads while improving coordination, mobility, and work capacity under load.','https://www.youtube.com/embed/PpQFyr4IBjw');
INSERT INTO exercises ( exercise_id , exercise_name , motion , level , mechanic , related_equip_id , muscle_group , body , video_link ) VALUES ('Bench_Dips','Bench Dips','push','beginner','compound',1,'triceps','Bench Dips develop triceps, chest, and anterior shoulder stability using a bench. Place hands shoulderwidth on a bench edge, extend legs forward, and lower hips by bending the elbows until the upper arms are parallel to the floor. Exhale to press back up. Maintain upright torso and retracted scapulae. Perform 34 sets of 815 reps, bending the knees for assistance or elevating feet for increased difficulty. This movement improves triceps strength, elbow health, and pressing mechanics.','https://www.youtube.com/embed/9llvBAV4RHI');
INSERT INTO exercises ( exercise_id , exercise_name , motion , level , mechanic , related_equip_id , muscle_group , body , video_link ) VALUES ('Board_Press','Board Press','push','intermediate','compound',8,'triceps','Board Press is a bench press variation using wooden boards on the chest to limit range of motion and focus on lockout strength. Lie on a flat bench with boards of desired thickness on the torso. Grip the bar at training or competition width, lower under control until contacting the boards, then press upward explosively. Perform 35 sets of 25 reps, adjusting board height for your sticking point. This exercise strengthens the triceps and upper chest through partial ranges specific to lockout improvements.','https://www.youtube.com/embed/iIBp-my013I');
INSERT INTO exercises ( exercise_id , exercise_name , motion , level , mechanic , related_equip_id , muscle_group , body , video_link ) VALUES ('Body_Tricep_Press','Body Tricep Press','push','beginner','isolation',1,'triceps','Body Tricep Press is a plankbased bodyweight exercise targeting triceps by integrating a pushup with triceps extension. In a plank position, lower the body by bending the elbows close to the torso until chest is near the ground. Exhale as you extend the elbows, pressing back to the start. Keep the body in a straight line and core engaged. Perform 34 sets of 812 reps, progressing by elevating feet or adding weight. This movement builds triceps strength and core stability.','https://www.youtube.com/embed/9llvBAV4RHI');
INSERT INTO exercises ( exercise_id , exercise_name , motion , level , mechanic , related_equip_id , muscle_group , body , video_link ) VALUES ('Bodyweight_Flyes','Bodyweight Flyes','push','intermediate','isolation',12,'chest','Bodyweight Flyes isolate the chest using only bodyweight and gravity. Begin in a high plank with hands slightly wider than shoulder width. Exhale as you open one arm to the side, rotating the torso and retracting the opposite scapula. Inhale to return and alternate sides. Maintain a neutral spine and level hips. Perform 34 sets of 812 reps per side. This exercise recruits pectorals, anterior deltoids, triceps, and core stabilizers, improving unilateral chest activation and spinal control.','https://www.youtube.com/embed/bo01Ec12bYU');
INSERT INTO exercises ( exercise_id , exercise_name , motion , level , mechanic , related_equip_id , muscle_group , body , video_link ) VALUES ('Bodyweight_Squat','Bodyweight Squat','push','beginner','compound',1,'quadriceps','Bodyweight Squat is a fundamental lowerbody movement that builds strength and mobility without equipment. Stand feet shoulder width, inhale as you push hips back and bend knees to lower until thighs reach parallel. Keep chest up and spine neutral. Exhale as you drive through heels to stand. Perform 34 sets of 1220 reps with controlled tempo. Variations include pause squats, jump squats, and tempo changes. This exercise strengthens quads, hamstrings, glutes, and core while improving joint mobility and movement patterns for loaded squats.','https://www.youtube.com/embed/cSJP4moytoo');
INSERT INTO exercises ( exercise_id , exercise_name , motion , level , mechanic , related_equip_id , muscle_group , body , video_link ) VALUES ('Box_Squat','Box Squat','push','intermediate','compound',8,'quadriceps','Box Squat uses a box to enforce squat depth and reinforce hip hinge. Set the box at hip crease height or slightly below. With a barbell on the upper traps, sit back onto the box with tension in the quads and glutes. Pause briefly, then drive through the heels to stand explosively. Keep chest up and spine neutral. Perform 35 sets of 38 reps. Box squats develop posterior chain strength, teach consistent depth, and improve power off the box.','https://www.youtube.com/embed/rMEPHwNhQfo');
INSERT INTO exercises ( exercise_id , exercise_name , motion , level , mechanic , related_equip_id , muscle_group , body , video_link ) VALUES ('Box_Squat_with_Bands','Box Squat with Bands','push','expert','compound',8,'quadriceps','Box Squat with Bands adds variable resistance by attaching bands under the box or bench feet and looping over the barbell. Set up as a standard box squat. At the bottom, bands are slack; on the ascent, bands stretch and add tension to challenge lockout strength. Perform 34 sets of 36 reps, focusing on a smooth tension curve and explosive drive. This variation improves acceleration through the sticking point and builds hip drive under accommodating resistance.','https://www.youtube.com/embed/YQzQVa2JZ1Q');
INSERT INTO exercises ( exercise_id , exercise_name , motion , level , mechanic , related_equip_id , muscle_group , body , video_link ) VALUES ('Butterfly','Butterfly','pull','beginner','isolation',2,'chest','Butterfly is a chestisolation exercise performed on a pec deck machine. Seated with back against the pad, grasp handles at shoulder height. Exhale as you bring handles together in front of the chest, squeezing pecs at peak contraction. Pause, then inhale under control to return. Maintain elbows slightly bent and shoulder blades retracted. Perform 34 sets of 1015 reps, focusing on a slow eccentric and mindmuscle connection. This movement isolates the pectoralis major while minimizing triceps involvement and shoulder stress for balanced chest development.','https://www.youtube.com/embed/6FEDrU85FLE');
INSERT INTO exercises ( exercise_id , exercise_name , motion , level , mechanic , related_equip_id , muscle_group , body , video_link ) VALUES ('Cable_Chest_Press','Cable Chest Press','push','beginner','compound',7,'chest','Cable Chest Press simulates the bench press through independent cable tension to provide constant resistance throughout the full pressing range, engaging the pectoralis major, anterior deltoids, and triceps while demanding robust core stability. To perform, stand facing away from two cable stations with pulleys set at chest height. Grasp each handle and step forward into a staggered stance, keeping feet hip-width and torso upright. With elbows bent and hands at chest level, exhale and press the handles forward until arms fully extend, squeezing the chest. Maintain a slight bend in the elbows at lockout to avoid joint overextension. Inhale as you return the handles under control back to start, resisting the cables pull. Perform 34 sets of 812 reps, focusing on smooth, even tension. Benefits include balanced unilateral loading, enhanced pressing mechanics, and safe shoulder activation due to the cables natural arc. Proper formretracted scapulae, neutral spine, and steady foot placementmaximizes pectoral recruitment and minimizes compensations, translating to improved bench press performance and functional pushing strength.','https://www.youtube.com/embed/NXpRKhXg2P8');
INSERT INTO exercises ( exercise_id , exercise_name , motion , level , mechanic , related_equip_id , muscle_group , body , video_link ) VALUES ('Cable_Crossover','Cable Crossover','push','beginner','isolation',7,'chest','Cable Crossover isolates the chest through precise horizontal adduction under constant tension from opposing cables, delivering a deep stretch and forceful contraction of the pectoralis major. Stand centered between two cable pulleys set at a chosen heightlow for upper chest emphasis, high for lower chestor mid for overall development. Grasp the handles, take a step forward into a staggered stance for stability, and lean slightly at the hips while keeping the chest up. With elbows soft and a slight bend, exhale as you bring the handles together in front of your body in a wide arc, crossing one hand over the other at peak contraction. Hold for a count of two to maximize muscle fiber engagement, then inhale as you slowly reverse the movement to return to start, feeling a stretch across the chest. Perform 34 sets of 1215 reps, focusing on mindmuscle connection, controlled tempo (3second eccentric), and consistent alignment of shoulders and elbows to fully activate chest fibers and improve muscle symmetry without heavy spinal loading.','https://www.youtube.com/embed/JS6mJfBi3XU');
INSERT INTO exercises ( exercise_id , exercise_name , motion , level , mechanic , related_equip_id , muscle_group , body , video_link ) VALUES ('Cable_Deadlifts','Cable Deadlifts','pull','beginner','compound',7,'quadriceps','Cable Deadlifts utilize a low pulley to replicate the barbell deadlift movement pattern while providing constant tension and teaching proper hip-hinge mechanics. Attach a straight bar or handles to the pulley at floor level and stand with feet hip-width, aligning the pulley directly in front. Hinge at the hips with a slight knee bend, maintain a neutral spine, and brace the core. Grasp the attachment with an overhand or mixed grip. Exhale as you drive through the heels and extend hips and knees in unison, pulling the handles toward your hips while keeping them close to the body. Squeeze the glutes and retract the shoulder blades at full lockout. Inhale while reversing the movement under control, hinging at the hips first, then flexing the knees until the attachment returns to the start. Perform 34 sets of 812 reps, emphasizing a smooth, controlled eccentric and maximal intent concentric to strengthen the posterior chain and improve deadlift mechanics without compressive spinal load.','https://www.youtube.com/embed/_4U_5JO3oiE');
INSERT INTO exercises ( exercise_id , exercise_name , motion , level , mechanic , related_equip_id , muscle_group , body , video_link ) VALUES ('Cable_Hip_Adduction','Cable Hip Adduction','pull','beginner','isolation',7,'quadriceps','Cable Hip Adduction isolates the inner thigh adductor muscles through lateral leg movement against cable resistance, enhancing hip stability and groin strength. Attach an ankle cuff to a low pulley and stand perpendicular to the machine, supporting yourself lightly on the cable tower or using a hand grip for balance. Fit the cuff securely on the working legs ankle. With feet hip-width and slight knee bend, shift weight onto the non-working leg. Exhale as you bring the working leg across the body in front of the standing foot, squeezing the adductor fibers at peak contraction. Inhale while returning the leg under control to the start, maintaining torso upright and pelvis stable. Perform 34 sets of 1215 reps per side, focusing on slow eccentrics (23 seconds) and a 12 second pause at contraction. This targeted movement strengthens the adductor magnus, longus, and brevis, improves pelvic control for athletic changes of direction, and supports knee health by balancing medial and lateral thigh musculature.','https://www.youtube.com/embed/EHq78mQYLbI');
INSERT INTO exercises ( exercise_id , exercise_name , motion , level , mechanic , related_equip_id , muscle_group , body , video_link ) VALUES ('Cable_Incline_Pushdown','Cable Incline Pushdown','pull','beginner','isolation',7,'lats','Cable Incline Pushdown targets the long head of the triceps by adjusting the angle of resistance through an incline body position. Position an incline bench facing away from a low pulley with a straight bar or rope attachment at waist height. Lie on the bench with torso supported and grasp the attachment overhead with an overhand grip, elbows fixed overhead. Exhale as you press the handle down by extending the elbows, keeping upper arms stationary and focusing on the long head stretch at the top. Pause briefly at full extension, then inhale as you allow controlled elbow flexion to return to start while resisting the cables pull. Maintain neutral spine, retracted scapulae, and avoid torso movement. Perform 34 sets of 1015 reps, emphasizing a slow eccentric phase. This variation enhances triceps peak contraction, improves lockout strength, and reduces compensatory shoulder involvement, making it ideal for hypertrophy and joint health.','https://www.youtube.com/embed/JfTCc9cPvOs');
INSERT INTO exercises ( exercise_id , exercise_name , motion , level , mechanic , related_equip_id , muscle_group , body , video_link ) VALUES ('Cable_Lying_Triceps_Extension','Cable Lying Triceps Extension','push','beginner','isolation',7,'triceps','Cable Lying Triceps Extension isolates the elbow extensors by combining a prone position on a bench with a cable attachment, offering constant tension throughout the range of motion. Position a flat bench perpendicular to a low pulley, lie face down with chest against the bench, and grasp the rope or bar attachment overhead with an overhand grip. Ensure upper arms remain vertical and elbows fixed. Exhale to extend the elbows, pushing the attachment away from the head until the arms are fully locked out and triceps are maximally contracted. Pause momentarily, then inhale as you slowly allow elbow flexion under control, feeling a deep stretch in the triceps long head. Maintain wrist alignment and avoid shifting the torso. Perform 34 sets of 1012 reps, focusing on slow, controlled eccentrics (3 seconds) and a concise concentric to optimize muscle fiber recruitment and elbow joint stability, translating to improved pressing lockout strength.','https://www.youtube.com/embed/MwfWEn04I8I');
INSERT INTO exercises ( exercise_id , exercise_name , motion , level , mechanic , related_equip_id , muscle_group , body , video_link ) VALUES ('Cable_Preacher_Curl','Cable Preacher Curl','pull','beginner','isolation',7,'biceps','Cable Preacher Curl uses a preacher bench and a low pulley to provide constant tension to the biceps, emphasizing peak contraction and strict form. Sit at the preacher station facing the machine, adjust the bench height so the upper arms rest firmly against the pad, and grasp the straight bar, EZ bar, or rope attachment with an underhand grip. Extend the arms fully to load the triceps, then exhale as you curl the attachment toward the shoulders by flexing the elbows, keeping the upper arms static against the pad. Squeeze the biceps at peak contraction, then inhale as you pause briefly and lower the weight under control to full extension. Focus on maintaining shoulder stability and preventing body swing. Perform 34 sets of 812 reps, using slow eccentrics (3 seconds) and a brief isometric hold at the top to maximize muscle time under tension, supporting biceps hypertrophy and elbow joint health.','https://www.youtube.com/embed/ZKvn_F1CXGI');
INSERT INTO exercises ( exercise_id , exercise_name , motion , level , mechanic , related_equip_id , muscle_group , body , video_link ) VALUES ('Cable_Rear_Delt_Fly','Cable Rear Delt Fly','pull','beginner','isolation',7,'shoulders','Cable Rear Delt Fly isolates the posterior deltoids and upper back stabilizers through horizontal abduction against cable resistance. Set pulleys at chest or eye level on dual cable stations and select light to moderate weight. Stand centered between machines, cross your arms to grasp the left handle with your right hand and the right handle with your left hand, creating an X pattern. Hinge slightly at the hips with a neutral spine, core braced, and chest up. Exhale as you pull the cables outward and back, keeping a slight elbow bend and leading with the elbows to emphasize rear deltoid contraction. Pause at peak, squeezing the scapulae together, then inhale while returning under control to the start. Perform 34 sets of 1215 reps, focusing on a controlled eccentric to maintain tension and prevent shoulder shrugging. This unilateral movement balances shoulder development, improves posture, and reinforces scapular stability for healthy overhead performance.','https://www.youtube.com/embed/bkejPHrPkmA');
INSERT INTO exercises ( exercise_id , exercise_name , motion , level , mechanic , related_equip_id , muscle_group , body , video_link ) VALUES ('Cable_Reverse_Crunch','Cable Reverse Crunch','pull','beginner','isolation',7,'abdominals','Cable Reverse Crunch trains the lower abdominal fibers by employing a low pulley and an ankle cuff, adding resistance during hip flexion. Lie supine on a mat or bench with legs extended and attach the cuff to a low pulley. Exhale as you curl the knees toward the chest, lifting the hips off the bench by engaging the rectus abdominis. Pause at the top to maximize contraction, then inhale while extending the legs under control until they hover just above the ground, maintaining spinal contact with the surface. Focus on slow eccentrics (3 seconds) and avoid momentum. Perform 34 sets of 1215 reps, ensuring pelvic tilt rather than knee drive to isolate the lower abs. This exercise strengthens core stability, improves pelvic control, and supports functional hip flexion needed in athletic and daily movements.','https://www.youtube.com/embed/b8oUb_6POhQ');
INSERT INTO exercises ( exercise_id , exercise_name , motion , level , mechanic , related_equip_id , muscle_group , body , video_link ) VALUES ('Cable_Rope_Overhead_Triceps_Extension','Cable Rope Overhead Triceps Extension','push','beginner','isolation',7,'triceps','Cable Rope Overhead Triceps Extension isolates the triceps long head under constant tension by stretching and contracting the muscle through an overhead position. Stand facing away from a high pulley with a rope attachment, grasping both ends with an overhand grip. Step forward to create tension in the rope. With the rope behind the head, elbows fixed and pointing forward, exhale as you extend the elbows, driving the rope forward and down until full lockout. Keep the upper arms stationary and avoid flaring. Pause at full extension for 12 seconds, then inhale while allowing controlled elbow flexion to return the rope behind the head. Perform 34 sets of 1012 reps, focusing on a slow eccentric (23 seconds) and brief isometric hold at the bottom to maximize long-head recruitment. Benefits include improved lockout strength, triceps hypertrophy, and elbow joint health.','https://www.youtube.com/embed/b5le--KkyH0');
INSERT INTO exercises ( exercise_id , exercise_name , motion , level , mechanic , related_equip_id , muscle_group , body , video_link ) VALUES ('Cable_Seated_Lateral_Raise','Cable Seated Lateral Raise','pull','beginner','isolation',7,'shoulders','Cable Seated Lateral Raise isolates the medial deltoid head using a low pulley and single-handle to maintain tension throughout the motion. Sit sideways on a bench next to a low pulley, grasp the handle with the outer hand, and position it between the legs. Sit upright with feet flat, core engaged. Exhale as you lift the handle out to the side until the arm is parallel to the floor with a soft elbow. Pause for 12 seconds at peak, then inhale while lowering under control. Keep torso stationary and prevent shoulder shrug. Perform 34 sets of 1015 reps per side, focusing on strict form. This unilateral setup corrects imbalances, improves shoulder width, and reinforces proper abduction mechanics for balanced deltoid development.','https://www.youtube.com/embed/QbDNpyucYGc');
INSERT INTO exercises ( exercise_id , exercise_name , motion , level , mechanic , related_equip_id , muscle_group , body , video_link ) VALUES ('Cable_Shoulder_Press','Cable Shoulder Press','push','beginner','compound',7,'shoulders','Cable Shoulder Press builds deltoid and triceps strength using constant cable tension for balanced loading and stability. Sit or stand between two cable stations with handles set at shoulder height. Grasp the handles, step forward to tension the cables, and adopt a staggered stance. Exhale as you press the handles overhead by extending the elbows and slightly shrugging the shoulders. Maintain a neutral spine and core brace to prevent lower back arch. Pause at full extension for maximal contraction, then inhale while lowering under control to start. Perform 34 sets of 812 reps, focusing on smooth tempo and stable foot position. This variation reduces spinal compression compared to free-bar pressing and engages stabilizer muscles to improve overall overhead performance and shoulder health.','https://www.youtube.com/embed/rWWuu09kfyY');
INSERT INTO exercises ( exercise_id , exercise_name , motion , level , mechanic , related_equip_id , muscle_group , body , video_link ) VALUES ('Cable_Shrugs','Cable Shrugs','pull','beginner','isolation',7,'traps','Cable Shrugs isolate the upper trapezius by providing constant tension through a cable machine, enhancing trap engagement throughout both concentric and eccentric phases. Stand facing a low pulley with a rope or handle attachment, grasping the ends with both hands. Step back to create tension, feet hip-width apart, and arms straight. Exhale as you elevate the shoulders toward your ears, focusing on upward scapular rotation and avoiding rolling. Pause at peak contraction for 12 seconds, then inhale while lowering under control until the arms are fully extended. Keep the torso stable and avoid using the lower back. Perform 34 sets of 1215 reps, emphasizing strict form and continuous tension. Cable shrugs improve trap hypertrophy, posture, and support powerful pulling movements by reinforcing trap function under load.','https://www.youtube.com/embed/Wab3-dsZohU');
INSERT INTO exercises ( exercise_id , exercise_name , motion , level , mechanic , related_equip_id , muscle_group , body , video_link ) VALUES ('Calf_Press','Calf Press','push','beginner','isolation',2,'calves','Calf Press is performed on a leg press machine to target the gastrocnemius and soleus muscles under heavy load. Sit with your back supported and feet on the lower edge of the platform, heels hanging off. Release the safety and extend the knees slightly. Exhale as you press through the balls of the feet to plantarflex the ankles, raising the platform by elevating the heels. Pause at peak contraction to engage the calves, then inhale while lowering the heels under control until a deep stretch is felt. Keep toes pointing forward and maintain knee alignment. Perform 35 sets of 1220 reps, adjusting load for strength or hypertrophy. This variation offers heavier loading potential and constant tension for maximal calf development and ankle stability.','https://www.youtube.com/embed/7jeGWp1IWyQ');
INSERT INTO exercises ( exercise_id , exercise_name , motion , level , mechanic , related_equip_id , muscle_group , body , video_link ) VALUES ('Car_Deadlift','Car Deadlift','pull','intermediate','compound',3,'quadriceps','Car Deadlift simulates lifting the front axle of a car by using a raised frame with side handles, emphasizing raw pulling strength and posterior-chain engagement. Stand inside or beside the frame, hinge at the hips, and grip the handles. Exhale as you drive through the heels, extending the hips and knees to lift the frame off its supports. At lockout, fully extend the hips, retract the scapulae, and stand tall with shoulders back. Inhale as you hinge at the hips and bend the knees to lower the frame under control. This elevated-handle variation reduces range of motion and shifts emphasis to the top half of the pull, testing maximal strength under awkward conditions. Perform 24 sets of 36 reps with maximal effort and focus on maintaining a tight core and neutral spine throughout.','https://www.youtube.com/embed/WTkJuFx3Euw');
INSERT INTO exercises ( exercise_id , exercise_name , motion , level , mechanic , related_equip_id , muscle_group , body , video_link ) VALUES ('Clean_and_Jerk','Clean and Jerk','push','expert','compound',8,'shoulders','Clean and Jerk combines an explosive pull with a powerful overhead press, testing full-body strength, coordination, and dynamic flexibility. Phase 1: Clean begins with feet hip-width apart under the bar, hook gripping outside the shins, and a neutral spine. Drive through the legs, extend the hips and shrug to pull the bar to shoulders, dropping into a partial front squat to catch it on the deltoids. Stand to full extension. Phase 2: Jerk starts by dipping the knees slightly (1015% of standing height), then explosively driving through the legs to propel the bar overhead. As the bar rises, split the legs front and back or push into a split stance to catch the load with locked elbows. Recover to standing with feet parallel. Proper breathing, core bracing, and scapular stability are critical. Perform 36 singles at near-max loads with accessory work like jerk dips. This movement develops power across the posterior chain, shoulders, triceps, and core, enhancing athletic performance and coordination.','https://www.youtube.com/embed/zXs5KQMhsEg');
INSERT INTO exercises ( exercise_id , exercise_name , motion , level , mechanic , related_equip_id , muscle_group , body , video_link ) VALUES ('Clean_and_Press','Clean and Press','push','intermediate','compound',8,'shoulders','Clean and Press is a classic test of full-body strength, combining an explosive clean with a strict overhead press. Begin by performing a clean pull from the floor to rack position across the anterior deltoids and clavicles. Stabilize by standing tall with hips and knees extended. Without dropping under the bar, transition into the press by pressing the bar overhead in a vertical line, engaging the triceps, deltoids, and upper chest. Maintain a tight core, glutes engaged, and avoid excessive lumbar arch. At lockout, the bar should be balanced over the midfoot with elbows fully extended. Lower under control to the front rack, then back to the floor. Proper breathing involves inhaling before the clean pull and exhaling during the press. Perform 34 sets of 36 reps, focusing on strict technique. This movement builds posterior chain power, overhead strength, and integrated movement patterns valuable for strongman and functional training.','https://www.youtube.com/embed/KCe8l86-alA');
INSERT INTO exercises ( exercise_id , exercise_name , motion , level , mechanic , related_equip_id , muscle_group , body , video_link ) VALUES ('Clean_Deadlift','Clean Deadlift','pull','beginner','compound',8,'hamstrings','Clean Deadlift isolates the initial pull phase of the Olympic clean without the catch to refine hip-hinge mechanics, bar path alignment, and posterior-chain force production. Stand with feet hip-width apart under the barbell, grip outside the knees with a hook or mixed grip, and set the back flat with shoulders over the bar. Brace the core and engage the lats by pulling the shoulder blades down. Exhale as you drive through the heels, extending the hips and knees in unison to lift the bar along the thighs, keeping it close to the body. Maintain a vertical torso angle until the bar passes the knees, finishing with full hip extension and scapular retraction. Lower the bar under control to the floor by hinging at the hips and then bending the knees. Perform 35 sets of 36 reps at near-maximal loads, focusing on smooth eccentric control and perfecting each reps technique. This exercise builds lower-body strength and power while preparing athletes for the high pull of the full clean.','https://www.youtube.com/embed/iCWAMA9Zeus');
INSERT INTO exercises ( exercise_id , exercise_name , motion , level , mechanic , related_equip_id , muscle_group , body , video_link ) VALUES ('Clean_Pull','Clean Pull','pull','intermediate','compound',8,'quadriceps','Clean Pull emphasizes the force-generating phases of the clean by isolating the hip extension and high pull without the catch, developing explosive power under heavy loading. Position feet hip-width apart with the barbell on the floor at shin level. Grip outside the shins using a hook or mixed grip, set a neutral spine, and retract the scapulae. Exhale as you initiate the pull by driving forcefully through the heels, extending the hips and knees to propel the bar upward. As the bar reaches mid-thigh, shrug the shoulders and pull with the arms, maintaining a vertical torso. Do not drop under the bar; instead, fully extend the hips and knees at the top of the pull. Lower the bar under control by reversing the hip hinge and knee flexion. Perform 35 sets of 24 reps at 90105% of clean max to train speed under heavy load. Variations such as paused pulls at specific heights can address technical weaknesses. Clean pulls strengthen the posterior chain, traps, and improve bar path efficiency for Olympic lifting success.','https://www.youtube.com/embed/1WuSiyM-knI');
INSERT INTO exercises ( exercise_id , exercise_name , motion , level , mechanic , related_equip_id , muscle_group , body , video_link ) VALUES ('Concentration_Curls','Concentration Curls','pull','beginner','isolation',6,'biceps','Concentration Curls isolate the biceps by stabilizing the working arm against the inner thigh, maximizing peak contraction and minimizing momentum. Sit on a bench with feet flat and slightly wider than hip width. Hold a dumbbell in one hand and rest the back of the working arm against the inner thigh of the same side. Lean forward slightly at the waist while keeping the opposite hand on the opposite knee for stability. Exhale as you curl the dumbbell upward toward the shoulder by flexing the elbow, focusing on contracting the biceps brachii. Pause for 12 seconds at peak contraction to reinforce mindmuscle connection. Inhale as you lower the weight under control, fully extending the arm to stretch the muscle. Avoid swinging or using shoulder momentum. Perform 34 sets of 1015 reps per arm, using a controlled 2second concentric and 3second eccentric tempo. This exercise promotes balanced leftright development, forearm strength, and improved elbow stability, enhancing overall pulling performance.','https://www.youtube.com/embed/cHxRJdSVIkA');
INSERT INTO exercises ( exercise_id , exercise_name , motion , level , mechanic , related_equip_id , muscle_group , body , video_link ) VALUES ('Crunches','Crunches','pull','beginner','isolation',1,'abdominals','Crunches are a fundamental core exercise that targets the rectus abdominis through controlled spinal flexion and a strong mindmuscle connection. To perform, lie supine on a mat with knees bent at 90 degrees and feet flat on the floor hipwidth apart. Place hands lightly behind the head or crossed on the chest to avoid neck strain. Engage the core by drawing the navel toward the spine and pressing the lower back into the floor. Exhale as you curl the torso upward, leading with the chest and lifting the shoulder blades off the ground while keeping the chin tucked. Pause at peak contraction, focusing on squeezing the abs, then inhale as you lower back down under control until the shoulders lightly touch the floor. Avoid pulling on the head or using momentum; movement should originate from the abdominal muscles. Maintain a neutral cervical spine, and keep elbows wide to prevent neck compression. Perform 34 sets of 1525 reps with a slow eccentric (23 seconds) and a deliberate concentric contraction (1 second) to maximize time under tension. Progressions include weighted crunches, decline bench crunches, or medicineball variations to continuously challenge the core. Incorporating crunches into a balanced core routine builds trunk stability, improves posture, and enhances performance in functional lifts and athletic movements by reinforcing proper spinal flexion mechanics under load.','https://www.youtube.com/embed/eeJ_CYqSoT4');
INSERT INTO exercises ( exercise_id , exercise_name , motion , level , mechanic , related_equip_id , muscle_group , body , video_link ) VALUES ('Cuban_Press','Cuban Press','push','intermediate','compound',6,'shoulders','Cuban Press is a shoulder complex exercise that integrates external rotation and overhead pressing to strengthen the rotator cuff, deltoids, and scapular stabilizers through a fluid, multijoint movement. Begin standing with feet hipwidth apart, holding two light dumbbells at shoulder height with palms facing down. Exhale as you externally rotate the upper arms, raising the elbows until the forearms are parallel to the floor and palms face forwardthis engages the infraspinatus and teres minor. From this externally rotated position, without dropping the elbows, press the dumbbells overhead by fully extending the elbows and engaging the anterior deltoids and triceps. Inhale as you lower the weights back to the external rotation position, then reverse the rotation to return to the start. Maintain a neutral spine, braced core, and avoid using excessive weight to prioritize joint integrity. Perform 34 sets of 812 reps with a controlled 2second concentric, 2second eccentric, and a brief pause at peak positions to maximize muscle activation. Cuban Press enhances shoulder stability, improves overhead strength, and reduces impingement risk by reinforcing balanced rotator cuff and deltoid engagement across a full range of motion, making it an ideal accessory for overhead athletes and lifters seeking robust shoulder health.','https://www.youtube.com/embed/67ewzBXws7M');
INSERT INTO exercises ( exercise_id , exercise_name , motion , level , mechanic , related_equip_id , muscle_group , body , video_link ) VALUES ('Dead_Bug','Dead Bug','pull','beginner','compound',1,'abdominals','Dead Bug is a core stabilization exercise focusing on deep abdominal engagement and contralateral limb coordination to reinforce a neutral spine under dynamic conditions. Lie supine with arms extended toward the ceiling and knees bent at 90 degrees so the shins are parallel to the floor. Engage the transverse abdominis by drawing the navel toward the spine and gently pressing the lower back into the floor. Exhale as you slowly lower the right arm behind your head and the left leg toward the floor simultaneously, maintaining controlled tension in the core. Only lower until you feel the lower back beginning to arch, then inhale and return to center. Repeat with the opposite arm and leg, alternating in a smooth, controlled pattern. Keep the movements slow (34 seconds per phase), ensuring no compensatory hip or lumbar movement. Perform 34 sets of 810 reps per side, focusing on diaphragmatic breathing and maintaining core rigidity. Variations include adding ankle weights, resistance bands, or performing on an unstable surface to increase challenge. Dead Bug strengthens the deep core musculaturerectus abdominis, transverse abdominis, and obliqueswhile improving neuromuscular coordination and providing a stable base for heavy lifts and athletic performance by teaching the body to resist spinal extension and rotation under load.','https://www.youtube.com/embed/g_BYB0R-4Ws');
INSERT INTO exercises ( exercise_id , exercise_name , motion , level , mechanic , related_equip_id , muscle_group , body , video_link ) VALUES ('Deadlift_with_Bands','Deadlift with Bands','pull','expert','compound',8,'lower back','Deadlift with Bands integrates elastic resistance into the conventional deadlift to create an accommodating load that increases tension at the top of the movement and emphasizes explosive hip extension. Anchor heavyduty resistance bands under each foot or around the base of a power rack, and drape the other ends over the sleeves of a barbell. Set up as a standard deadlift with feet hipwidth, barbell over the midfoot, and grip outside the knees. Hinge at the hips with a neutral spine, brace the core, and engage the lats by pulling the shoulder blades down. Exhale as you drive through the heels to extend the hips and knees, lifting the barbell, and feeling the band tension increase as you move through lockout. Squeeze the glutes at the top with shoulders back, then inhale and hinge back under control, allowing the bands to assist slightly at the bottom. Maintain tension throughout by avoiding full relaxation on the floor. Perform 35 sets of 36 reps with maximal intent to train both strength and speed through the entire range of motion. This variation improves the stretchshortening cycle, accelerates the concentric phase, and reinforces proper finishing mechanics for stronger traditional deadlifts.','https://www.youtube.com/embed/obM6SBVa-MU');
INSERT INTO exercises ( exercise_id , exercise_name , motion , level , mechanic , related_equip_id , muscle_group , body , video_link ) VALUES ('Decline_Barbell_Bench_Press','Decline Barbell Bench Press','push','beginner','compound',8,'chest','Decline Barbell Bench Press is a chestfocused variation performed on a bench set to a 1530 decline angle to target the lower fibers of the pectoralis major and reduce shoulder stress. Lie supine on the decline bench with feet secured under the rollers and grip the barbell slightly wider than shoulder width. Retract and depress the scapulae, brace the core, and maintain a slight arch in the lumbar spine. Unrack the bar with elbows locked, then lower it under control to the lower chest or upper abdomen, keeping the elbows at approximately 45 to the torso. Pause briefly to remove stretch reflex, then exhale and press the bar upward, fully extending the elbows without hyperextension. Inhale on the descent to maintain intrathoracic pressure. Perform 35 sets of 612 reps, adjusting load for strength or hypertrophy goals. Proper alignment and descent path ensure balanced recruitment of the lower pectorals and triceps, making this variation ideal for building wellrounded chest development and improving bench press lockout strength.','https://www.youtube.com/embed/a-UFQE4oxWY');
INSERT INTO exercises ( exercise_id , exercise_name , motion , level , mechanic , related_equip_id , muscle_group , body , video_link ) VALUES ('Decline_Crunch','Decline Crunch','pull','intermediate','isolation',1,'abdominals','Decline Crunch is an advanced core exercise performed on a decline bench to increase the range of motion and gravitational demand on the rectus abdominis. Adjust the bench to a 2045 angle and lie supine with feet secured under the rollers and hands lightly behind the head or crossed on the chest. Engage the core to press the lower back into the bench, then exhale as you curl the shoulders and upper thoracic spine off the pad, lifting until the contraction is maximized. Avoid using momentum by maintaining controlled movement and focusing on the abdominal fibers. Pause for a onesecond isometric hold at peak contraction, then inhale and lower slowly until the shoulder blades lightly touch the bench. Program 34 sets of 1220 reps with a controlled tempo23 seconds up and downto maximize time under tension and muscle fiber recruitment. This variation reinforces proper spinal flexion mechanics, strengthens the anterior core, and improves posture and trunk stability, translating to greater performance in lifting and athletic activities requiring strong midsection control.','https://www.youtube.com/embed/FRzQXeN1hro');
INSERT INTO exercises ( exercise_id , exercise_name , motion , level , mechanic , related_equip_id , muscle_group , body , video_link ) VALUES ('Deficit_Deadlift','Deficit Deadlift','pull','intermediate','compound',8,'lower back','Deficit Deadlift is a variation that amplifies the traditional deadlift by standing on an elevated platform (14 inches) to increase the range of motion and demand on the hip hinge and posterior chain. Place feet hipwidth apart on the platform with the barbell on the floor at midshin. Hinge at the hips and bend the knees to grip the bar just outside the knees, set a flat back, and brace the core. Exhale as you drive through the heels and extend the hips and knees, lifting the bar along the shins and thighs. Maintain the barbell close to the body, ensuring the shoulders and hips rise in unison. At lockout, stand tall with glutes squeezed and scapulae retracted. Inhale and reverse the movement by hinging at the hips first, then bending the knees to lower the bar under control back to the floor. Perform 35 sets of 36 reps with heavy loads to build maximal strength. This deficit increases hamstring and glute activation, improves starting strength, and enhances pulling mechanics by reinforcing a strong hip hinge under greater stretch.','https://www.youtube.com/embed/CpWsUsqBtN8');
INSERT INTO exercises ( exercise_id , exercise_name , motion , level , mechanic , related_equip_id , muscle_group , body , video_link ) VALUES ('Dip_Machine','Dip Machine','push','beginner','compound',2,'triceps','Dip Machine is a guided pressing exercise that simulates parallelbar dips using adjustable resistance and a safety stop. Seated or standing at the machine, place your arms on the handles at shoulder height and grasp firmly with palms facing inward. Retract the scapulae, brace the core, and maintain an upright torso or slight forward lean for chest emphasis. Exhale as you press down by extending the elbows, driving the handles toward the machine base until full lockout. Pause briefly, then inhale as you lower under control until the upper arms reach parallel to the floor. Foot support or seat adjustment allows beginners to use assistance, while more advanced users can add weight. Perform 34 sets of 812 reps, focusing on controlled tempo and avoiding shoulder shrugging. This exercise strengthens the triceps, pectorals, and anterior deltoids, improving press lockout power and reducing shoulder strain compared to freeweight dips.','https://www.youtube.com/embed/VjtZbR05yWs');
INSERT INTO exercises ( exercise_id , exercise_name , motion , level , mechanic , related_equip_id , muscle_group , body , video_link ) VALUES ('Donkey_Calf_Raises','Donkey Calf Raises','push','intermediate','isolation',3,'calves','Donkey Calf Raises isolate the gastrocnemius and soleus through a bentover position that increases stretch under load. With hips flexed and torso supported on a pad or partner, place a weight harness around the waist or barbell across the lower back. Position the balls of the feet on a raised platform with heels hanging off. Inhale to brace, then exhale as you elevate the heels by plantarflexing the ankles, lifting the weight as high as possible. Pause for 12 seconds at peak contraction, focusing on squeezing the calf muscles. Inhale as you lower under control until a deep stretch is felt. Perform 35 sets of 1220 reps with strict formavoid using momentum or knee flexion. This variation emphasizes the stretch and peak contraction of the calves, enhances ankle stability, and improves lowerbody power for jumping and sprinting.','https://www.youtube.com/embed/r30EoMPSNns');
INSERT INTO exercises ( exercise_id , exercise_name , motion , level , mechanic , related_equip_id , muscle_group , body , video_link ) VALUES ('Double_Leg_Butt_Kick','Double Leg Butt Kick','push','beginner','compound',1,'quadriceps','Double Leg Butt Kick is a plyometric exercise training hamstring elasticity, knee flexion power, and reactive strength through a simultaneous bilateral kick. Stand with feet hipwidth apart, soft knees, and core braced. Exhale as you explosively contract the hamstrings to drive both heels toward the glutes in midair, reaching full knee flexion. Swing the arms naturally to facilitate momentum. Land softly on the midfoot with knees slightly bent to absorb impact and immediately rebound into the next kick. Maintain minimal ground contact time and upright torso. Perform 34 sets of 1015 reps or 2030 seconds, focusing on rapid stretchshortening transitions. Variations include adding ankle weights or performing on a slight decline. This drill improves hamstring power, sprint mechanics, and dynamic flexibility by reinforcing the stretchshortening cycle in the posterior chain.','https://www.youtube.com/embed/EK6TDotfn4g');
INSERT INTO exercises ( exercise_id , exercise_name , motion , level , mechanic , related_equip_id , muscle_group , body , video_link ) VALUES ('Drag_Curl','Drag Curl','pull','intermediate','compound',8,'biceps','Drag Curl is a variation of the barbell curl that emphasizes the biceps long head by altering the bar path to drag along the torso, maintaining constant tension. Standing with feet shoulderwidth under a barbell, grip at shoulder width, underhand. Keep elbows retracted back and in line with the torso. Exhale as you curl the bar up by dragging it along your stomach and lower ribs, leading with the elbows and avoiding forward arm movement. Pause at the top for maximum peak contraction, then inhale and lower under control along the same path. Focus on a slow eccentric (3 seconds) and a deliberate concentric (1 second) to maximize time under tension. Perform 34 sets of 812 reps with strict form to minimize momentum. Drag curls improve biceps peak development, forearm engagement, and reinforce proper elbow positioning, translating to improved overall arm aesthetics and pulling strength.','https://www.youtube.com/embed/K1baXRg-OG8');
INSERT INTO exercises ( exercise_id , exercise_name , motion , level , mechanic , related_equip_id , muscle_group , body , video_link ) VALUES ('Dumbbell_Alternate_Bicep_Curl','Dumbbell Alternate Bicep Curl','pull','beginner','isolation',6,'biceps','Dumbbell Alternate Bicep Curl is a unilateral arm exercise that builds balanced biceps strength and coordination by alternating curls with each arm. Stand upright with feet hipwidth apart and hold a dumbbell in each hand at your sides, palms facing forward. Exhale as you curl one dumbbell toward the shoulder by flexing the elbow, keeping the upper arm stationary and core braced. Pause at peak contraction, then inhale as you lower under control. Immediately curl the opposite arm while the first arm returns to the start, maintaining continuous tension. Avoid swinging or using torso momentum by stabilizing the shoulders and hips. Perform 34 sets of 812 reps per arm, focusing on smooth, controlled tempo2 seconds up, 3 seconds down. Variations include seated or incline versions to reduce lowerback involvement. Alternating curls promote symmetrical development, enhance mindmuscle connection, and improve forearm stability for stronger pulling movements.','https://www.youtube.com/embed/sAq_ocpRh_I');
INSERT INTO exercises ( exercise_id , exercise_name , motion , level , mechanic , related_equip_id , muscle_group , body , video_link ) VALUES ('Dumbbell_Bench_Press','Dumbbell Bench Press','push','beginner','compound',6,'chest','Dumbbell Bench Press is a versatile pressing exercise that challenges the chest, shoulders, and triceps while requiring stability from the core and scapular muscles. Lie supine on a flat bench with a dumbbell in each hand at chest level and feet planted. Exhale as you press the dumbbells upward by extending the elbows, bringing the weights together until arms are nearly locked out with a slight elbow soft to protect the joint. At lockout, retract the scapulae and hold for a brief pause. Inhale as you lower the weights under control along a diagonal path toward the chest, maintaining constant tension on the muscles. Keep wrists stacked over elbows and avoid excessive arching of the lower back. Perform 35 sets of 612 reps, adjusting load for strength or hypertrophy goals. Variations include neutral grip or alternating dumbbell presses to further challenge stability. This exercise improves pressing power, addresses leftright imbalances, and increases pectoral and triceps engagement without restricting bar path.','https://www.youtube.com/embed/1V3vpcaxRYQ');
INSERT INTO exercises ( exercise_id , exercise_name , motion , level , mechanic , related_equip_id , muscle_group , body , video_link ) VALUES ('Dumbbell_Flyes','Dumbbell Flyes','push','beginner','isolation',6,'chest','Dumbbell Flyes isolate the pectoral muscles through a wide arc of horizontal abduction and adduction while lying on a bench. Lie supine on a flat or incline bench with a dumbbell in each hand held above the chest and elbows slightly bent. Exhale as you lower the weights out to the sides in a wide arc, feeling a deep stretch in the chest. Avoid letting the elbows drop below shoulder level to protect the joint. Pause at the bottom for 12 seconds, then inhale as you bring the dumbbells back together by adducting the shoulders and squeezing the pectorals. Maintain constant tension by avoiding rest at the top. Perform 34 sets of 815 reps with a 3second eccentric and a smooth concentric. Variations include incline or decline bench angles to emphasize upper or lower chest fibers. Dumbbell flyes enhance chest flexibility, improve mindmuscle connection, and complement pressing exercises for comprehensive chest development.','https://www.youtube.com/embed/Jz7oEmzhnfE');
INSERT INTO exercises ( exercise_id , exercise_name , motion , level , mechanic , related_equip_id , muscle_group , body , video_link ) VALUES ('Dumbbell_Lunges','Dumbbell Lunges','push','beginner','compound',6,'quadriceps','Dumbbell Lunges are a unilateral lowerbody exercise that targets the quadriceps, glutes, hamstrings, and core through a forward stepping movement. Holding a dumbbell in each hand at your sides with feet hipwidth apart and core braced, exhale as you take a controlled step forward with one leg and lower the hips until the front thigh is parallel to the floor and the back knee nearly touches the ground. Keep the torso upright, shoulders back, and front knee tracking over the ankle. Inhale as you press through the front heel and extend the hips and knees to return to the starting position. Alternate legs or complete all reps on one side before switching. Perform 34 sets of 812 reps per leg, focusing on a 2second descent and 1second ascent to maximize time under tension. Variations include reverse or walking lunges to alter stability demands. Dumbbell lunges improve singleleg strength, balance, and functional movement patterns relevant to running, climbing, and sport performance.','https://www.youtube.com/embed/xvC10-eCuXs');
INSERT INTO exercises ( exercise_id , exercise_name , motion , level , mechanic , related_equip_id , muscle_group , body , video_link ) VALUES ('Dumbbell_Shoulder_Press','Dumbbell Shoulder Press','push','intermediate','compound',6,'shoulders','Dumbbell Shoulder Press is a fundamental overhead pressing movement that builds deltoid and triceps strength while challenging core stability. Seated or standing, hold a dumbbell in each hand at shoulder height with palms facing forward or neutral. Exhale as you press the weights overhead by extending the elbows in a vertical line, maintaining scapular retraction and core bracing to prevent lowerback arching. Keep the head neutral by slightly tucking the chin. Inhale while lowering the dumbbells under control back to shoulder level, ensuring smooth motion and constant tension. Perform 35 sets of 612 reps with a 2second eccentric and 1second concentric, adjusting load for strength or hypertrophy goals. Variations include Arnold press or neutralgrip variations to train different deltoid heads. Dumbbell shoulder presses enhance shoulder stability, unilateral strength, and muscular symmetry for improved overhead performance.','https://www.youtube.com/embed/k6tzKisR3NY');
INSERT INTO exercises ( exercise_id , exercise_name , motion , level , mechanic , related_equip_id , muscle_group , body , video_link ) VALUES ('Dumbbell_Shrug','Dumbbell Shrug','pull','beginner','isolation',6,'traps','Dumbbell Shrug is an isolation exercise that targets the upper trapezius to improve posture, neck stability, and pulling strength. Stand holding a dumbbell in each hand at your sides with feet hipwidth apart. Keep arms straight, shoulders relaxed, and core engaged. Exhale as you elevate the shoulders toward the ears in a pure shrug motion, avoiding rolling or rotating the shoulders to reduce joint stress. Pause for 12 seconds at peak contraction to maximize trap engagement. Inhale while lowering under control until the shoulders return to the start. Perform 34 sets of 1015 reps with slow eccentrics (23 seconds) to maintain tension. Variations include behindtheback shrugs and singlearm shrugs for varied stimulus. Dumbbell shrugs strengthen the upper traps, reduce neck discomfort, and support powerful deadlift and row lockouts by enhancing scapular elevation strength.','https://www.youtube.com/embed/yqzRYcOMx2Q');
INSERT INTO exercises ( exercise_id , exercise_name , motion , level , mechanic , related_equip_id , muscle_group , body , video_link ) VALUES ('Dumbbell_Side_Bend','Dumbbell Side Bend','pull','beginner','isolation',6,'abdominals','Dumbbell Side Bend isolates the oblique muscles through lateral spinal flexion with added load for resistance. Stand upright with feet shoulderwidth apart, holding a dumbbell in one hand at your side. Exhale as you bend the torso laterally toward the dumbbell, sliding the weight down the thigh while keeping the opposite side engaged to resist the motion. Avoid twisting or rotating the torso; movement should occur strictly in the frontal plane. Pause at the bottom for a focused contraction, then inhale as you return to the starting position through hip and oblique activation. Perform 34 sets of 1215 reps per side with a controlled 2second down, 1second up tempo. Variations include standing on an unstable surface or using a cable machine for constant tension. Dumbbell side bends improve lateral core strength, enhance spinal stability, and support rotational control in athletic and functional movements.','https://www.youtube.com/embed/mjRUPpMh988');
INSERT INTO exercises ( exercise_id , exercise_name , motion , level , mechanic , related_equip_id , muscle_group , body , video_link ) VALUES ('Dumbbell_Squat','Dumbbell Squat','push','beginner','compound',6,'quadriceps','Dumbbell Squat is a versatile lowerbody exercise that builds quadriceps, hamstrings, glutes, and core strength by holding dumbbells at the sides or racked at shoulder height. Stand with feet shoulderwidth apart and dumbbells in hand. Exhale as you push the hips back and bend the knees to descend into a squat until the thighs are parallel to the floor or lower, maintaining an upright torso and neutral spine. Inhale as you drive through the heels and midfoot to return to standing, fully extending the hips and knees and squeezing the glutes at the top. Keep the knees tracking over the toes and core braced throughout. Perform 35 sets of 615 reps, varying load for strength or endurance and adding tempo changes (e.g., slow eccentrics) for time under tension. Variations include goblet squat holds, suitcase squats, or sumo stance for different muscle emphasis. Dumbbell squats enhance functional lowerbody strength and reinforce proper movement mechanics without requiring a barbell rack.','https://www.youtube.com/embed/OTyb4YUDYYY');
INSERT INTO exercises ( exercise_id , exercise_name , motion , level , mechanic , related_equip_id , muscle_group , body , video_link ) VALUES ('Elbow_to_Knee','Elbow to Knee','pull','beginner','compound',1,'abdominals','Elbow to Knee is a dynamic core exercise that combines spinal flexion with rotational movement to target the rectus abdominis, obliques, and deep stabilizers. Lie supine with legs extended and arms overhead. Engage the core and lift the shoulders off the floor, then exhale as you simultaneously bring the right elbow toward the left knee while flexing the spine and lifting the pelvis. Keep the opposite leg extended and torso balanced. Pause at peak contraction, then inhale as you lower back to the start and repeat on the opposite side. Maintain controlled motionno momentumthroughout each rep. Perform 34 sets of 1216 reps per side with a 2second concentric and 2second eccentric tempo. Variations include bicycle crunches or Vup progressions. Elbow to Knee drills increase core strength, improve rotary stability, and enhance neuromuscular coordination for athletic performance and injury prevention.','https://www.youtube.com/embed/RBzKSMOIHXQ');
INSERT INTO exercises ( exercise_id , exercise_name , motion , level , mechanic , related_equip_id , muscle_group , body , video_link ) VALUES ('Elevated_Back_Lunge','Elevated Back Lunge','push','intermediate','compound',8,'quadriceps','Elevated Back Lunge is a challenging unilateral lowerbody exercise that increases hip extension demand and balance requirements by placing the rear foot on an elevated surface. Stand facing away from a bench or box, position the top of one foot on the platform behind you, and keep your front foot firmly planted. Engage the core, maintain an upright torso, and inhale as you slowly bend the front knee to lower the back knee toward the floor in a controlled descent. The front thigh should reach parallel to the ground while the back knee hovers just above the platform. Exhale forcefully to drive through the front heel and extend the hip and knee, returning to standing. Pause at the top to reinforce glute activation, then repeat for 812 reps per leg. Perform 34 sets, focusing on smooth tempo (2 seconds down, 1 second up). This variation enhances singleleg strength, hip mobility, and proprioception, translating to improved athletic performance and injury resilience.','https://www.youtube.com/embed/52YfJNg7S5M');
INSERT INTO exercises ( exercise_id , exercise_name , motion , level , mechanic , related_equip_id , muscle_group , body , video_link ) VALUES ('Exercise_Ball_Crunch','Exercise Ball Crunch','pull','beginner','isolation',11,'abdominals','Exercise Ball Crunch is a core exercise that amplifies abdominal activation and spinal flexion mechanics by performing crunches on an unstable surface. Sit on a stability ball and walk your feet forward until the small of your back rests on the ball, feet hipwidth apart and flat on the floor. Cross your arms over your chest or place hands lightly behind the head to avoid neck strain. Engage the rectus abdominis and exhale as you curl the shoulders and upper thoracic spine off the ball, contracting the abs and tilting the pelvis forward. Pause at peak contraction for one second, then inhale as you slowly lower back to the starting position, maintaining tension in the core. Perform 34 sets of 1220 reps with a controlled 2second eccentric and 1second concentric. This variation challenges balance, recruits deep stabilizers, and improves functional core strength for athletic movements and daily tasks.','https://www.youtube.com/embed/Imui46JTe7s');
INSERT INTO exercises ( exercise_id , exercise_name , motion , level , mechanic , related_equip_id , muscle_group , body , video_link ) VALUES ('External_Rotation_with_Band','External Rotation with Band','pull','beginner','compound',9,'shoulders','External Rotation with Band is a rotatorcuff strengthening drill targeting the infraspinatus and teres minor to enhance shoulder stability and injury prevention. Anchor a resistance band at elbow height to a sturdy post. Stand sideways with the anchor on your nonworking side, elbow bent 90, upper arm fixed against your side, and forearm across your abdomen holding the band handle. Keep the elbow glued to the torso and core braced. Exhale as you rotate your forearm away from the body in a controlled arc, externally rotating the shoulder until the band is perpendicular to the torso. Pause for one second at peak tension, then inhale as you slowly return to start. Perform 34 sets of 1215 reps per arm, focusing on smooth tempo (23 seconds each phase). This exercise improves rotatorcuff endurance, scapular control, and helps prevent impingement and shoulder instability.','https://www.youtube.com/embed/dS9ORQCnWsE');
INSERT INTO exercises ( exercise_id , exercise_name , motion , level , mechanic , related_equip_id , muscle_group , body , video_link ) VALUES ('Face_Pull','Face Pull','pull','intermediate','compound',7,'shoulders','Face Pull is a horizontalpull exercise performed on a cable machine that develops the posterior deltoids, middle and lower trapezius, and rotatorcuff muscles for improved posture and shoulder health. Attach a rope handle to a high pulley and stand facing the machine with feet hipwidth apart. Grasp the ends of the rope with an overhand grip and step back to tension the cables. Hinge slightly at the hips, brace the core, and set the shoulder blades. Exhale as you pull the rope toward your face, leading with the elbows flared high and squeezing the shoulder blades together. Keep the forearms parallel to the floor. Pause for one second to maximize contraction, then inhale as you slowly return under control. Perform 34 sets of 1215 reps with a deliberate 3second eccentric. Face Pulls correct roundedshoulder posture, enhance scapular stability, and support healthy overhead and pressing mechanics.','https://www.youtube.com/embed/8686PLZB_1Q');
INSERT INTO exercises ( exercise_id , exercise_name , motion , level , mechanic , related_equip_id , muscle_group , body , video_link ) VALUES ('Finger_Curls','Finger Curls','pull','beginner','isolation',8,'forearms','Finger Curls are an isolation exercise for the forearm flexors and intrinsic hand muscles that improve grip strength and dexterity. Sit on a bench and hold a barbell or EZcurl bar in an underhand grip at hip level, arms fully extended. Let the weight roll down to your fingertips by allowing the wrists and fingers to extend. Exhale as you flex the fingers and wrists to curl the weight upward, squeezing at peak contraction. Pause for one second, then inhale while slowly lowering the bar back down, feeling a deep stretch in the forearm extensors. Perform 34 sets of 1220 reps with a controlled 2second concentric and 3second eccentric. Variations include using a thicker bar or singlearm hammer grip. Finger Curls strengthen the flexor digitorum muscles, enhance wrist stability, and translate to better performance in pulling and gripping tasks.','https://www.youtube.com/embed/nH3lICeG5rg');
INSERT INTO exercises ( exercise_id , exercise_name , motion , level , mechanic , related_equip_id , muscle_group , body , video_link ) VALUES ('Flat_Bench_Cable_Flyes','Flat Bench Cable Flyes','push','intermediate','isolation',7,'chest','Flat Bench Cable Flyes integrate the constant tension of cables with the stability of a flat bench to isolate the pectoral muscles through a controlled horizontal adduction. Position a flat bench between two lowpulley cable stations. Lie supine, grasp the handles in each hand, and extend your arms out to the sides with a slight bend at the elbows. Exhale as you bring the handles together in a wide arc above your chest, keeping the elbows soft to minimize joint stress. Pause at peak contraction, squeezing the pectorals for one to two seconds. Inhale as you slowly reverse the movement to stretch the chest under tension, maintaining control throughout. Perform 34 sets of 1015 reps with a 3second eccentric phase. Flat Bench Cable Flyes enhance chest muscle fiber recruitment, improve mindmuscle connection, and provide a safer alternative to freeweight flyes by reducing stress on the shoulder joint.','https://www.youtube.com/embed/m2VICOCWDA0');
INSERT INTO exercises ( exercise_id , exercise_name , motion , level , mechanic , related_equip_id , muscle_group , body , video_link ) VALUES ('Flutter_Kicks','Flutter Kicks','pull','beginner','compound',1,'glutes','Flutter Kicks are a dynamic core endurance drill that targets the lower abdominals and hip flexors through continuous alternating leg movements. Lie supine on a mat with your hands placed under the hips or alongside your body for support. Engage the core by drawing the navel toward the spine and press the lower back into the floor. Lift both legs 612 inches off the ground and exhale as you alternately kick one leg downward and the other upward in a rapid scissoring motion while keeping the legs straight or with a slight knee bend. Maintain consistent breathing and avoid arching the lower back. Perform 34 sets of 1530 seconds or 2030 reps per leg, focusing on continuous movement and minimal hip rotation. Flutter Kicks improve lowerabdominal strength, hip flexor endurance, and core stability for athletic performance and rotational sports.','https://www.youtube.com/embed/ZB1SwBRVLCc');
INSERT INTO exercises ( exercise_id , exercise_name , motion , level , mechanic , related_equip_id , muscle_group , body , video_link ) VALUES ('Front_Barbell_Squat','Front Barbell Squat','push','expert','compound',8,'quadriceps','Front Barbell Squat is a variation that emphasizes the quadriceps and core by positioning the barbell across the anterior deltoids and clavicles. Clean the barbell to the front rack position or use a crossedarm grip, ensuring the elbows are high and wrists in line with the shoulders. Stand with feet shoulderwidth apart, toes slightly turned out, and brace the core. Inhale as you hinge at the hips and bend the knees to lower into a squat, keeping the torso as upright as possible to maintain bar placement. Descend until the hip crease drops below the knee level, ensuring the knees track over the toes. Exhale as you drive through the heels and midfoot to extend the hips and knees, returning to standing with elbows still high. Perform 35 sets of 38 reps, focusing on depth, core rigidity, and controlled descent. Front Squats strengthen quads, upper back, and abdominal stabilizers, improving frontrack mobility and squat performance.','https://www.youtube.com/embed/v-mQm_droHg');
INSERT INTO exercises ( exercise_id , exercise_name , motion , level , mechanic , related_equip_id , muscle_group , body , video_link ) VALUES ('Front_Box_Jump','Front Box Jump','push','beginner','compound',3,'hamstrings','Front Box Jump is a plyometric exercise designed to develop lowerbody explosive power and coordination by jumping onto a box from a static or slight squat position. Stand facing a sturdy box or platform at an appropriate height, feet hipwidth apart. Lower into a quartersquat, swinging the arms back to generate momentum. Explode through the hips, knees, and ankles to launch upward, and coordinate arm swing for maximum height. Land softly on the box with both feet hipwidth apart, absorbing impact through bent hips and knees. Maintain an upright torso and neutral spine to protect the lower back. Step or jump down under control to reset. Perform 35 sets of 58 jumps with full recovery between sets to ensure maximal effort. Variations include lateral box jumps or weighted vest jumps for added challenge. Front Box Jumps translate to improved vertical leap, sprint acceleration, and overall athletic performance in multidirectional sports.','https://www.youtube.com/embed/Oj4dfFZbA54');
INSERT INTO exercises ( exercise_id , exercise_name , motion , level , mechanic , related_equip_id , muscle_group , body , video_link ) VALUES ('Front_Cable_Raise','Front Cable Raise','push','beginner','isolation',7,'shoulders','Front Cable Raise isolates the anterior deltoid by lifting a cable handle in the sagittal plane under constant tension. Stand facing away from a lowpulley cable station, grasp the handle with an overhand grip at thigh level, and step forward to tension the cable. Keep the arm straight or with a slight elbow bend, and brace the core to prevent torso lean. Exhale as you lift the handle forward and upward to shoulder height, maintaining a controlled path and avoiding momentum. Pause for one second at peak contraction to maximize anterior deltoid engagement. Inhale as you lower the handle under control back to the start. Perform 34 sets of 1015 reps per arm, focusing on smooth tempo and strict posture. This exercise enhances shoulder flexion strength, improves posture, and complements pressing movements by targeting a specific deltoid head with safe joint mechanics.','https://www.youtube.com/embed/6JuZvbc6TJo');
INSERT INTO exercises ( exercise_id , exercise_name , motion , level , mechanic , related_equip_id , muscle_group , body , video_link ) VALUES ('Front_Dumbbell_Raise','Front Dumbbell Raise','push','beginner','isolation',6,'shoulders','Front Dumbbell Raise is a unilateral shoulder exercise that targets the anterior deltoids through controlled sagittal-plane movement. Stand upright with feet hipwidth apart and hold a dumbbell in one hand at thigh level, palm facing the body. Keep the opposite hand on the hip or extended for balance. Engage the core and exhale as you lift the dumbbell forward with a slight bend in the elbow until the arm is parallel to the floor. Maintain an upright torso and avoid using the lower back to lift. Pause for one second at the top, then inhale while lowering under control back to the start. Perform 34 sets of 1015 reps per side, focusing on slow eccentrics (3 seconds) and brief peak holds. Variations include alternating raises or both arms simultaneously. Front Dumbbell Raises strengthen the anterior deltoid, improve shoulder flexion strength, and enhance posture for pushing and overhead activities.','https://www.youtube.com/embed/yHx8wPv4RPo');
INSERT INTO exercises ( exercise_id , exercise_name , motion , level , mechanic , related_equip_id , muscle_group , body , video_link ) VALUES ('Front_Squat_(Clean_Grip)','Front Squat (Clean Grip)','push','intermediate','compound',8,'quadriceps','Front Squat (Clean Grip) uses a clean grip to rack the barbell across the anterior deltoids and clavicles, demanding high core and upperback stability. Clean the bar to shoulder level, grasping it with a hook or crossarm grip, and lift the elbows high to create a stable shelf. Stand with feet shoulderwidth apart, brace the core, and inhale. Descend by pushing the hips back and bending the knees, keeping the torso upright and elbows elevated. Lower until the hip crease drops below knee level, ensuring knees track over toes. Exhale as you extend the hips and knees to return to standing. Perform 35 sets of 38 reps, emphasizing depth, elbow height, and back neutrality. This variation strengthens the quadriceps, glutes, and core while improving frontrack mobility, posture, and preparation for Olympic lifting and athletic performance.','https://www.youtube.com/embed/tW2H0Ib_hQw');
INSERT INTO exercises ( exercise_id , exercise_name , motion , level , mechanic , related_equip_id , muscle_group , body , video_link ) VALUES ('Glute_Ham_Raise','Glute Ham Raise','pull','intermediate','compound',2,'hamstrings','Glute Ham Raise is a bodyweight or machineassisted exercise that targets the hamstrings, gluteus maximus, and spinal erectors through combined hip extension and knee flexion. Secure your feet under the foot rollers of a gluteham developer or anchor, with knees positioned at the pad edge. Keep the torso upright and core braced. Exhale as you hinge at the knees and hips, lowering the torso toward the floor while maintaining back extension. When nearing the bottom, actively contract the hamstrings and glutes to pull your torso back to vertical position. Maintain tension throughout both concentric and eccentric phases. Perform 34 sets of 612 reps, using assistance bands or manual support for beginners. Variations include controlling the tempo (3second eccentrics) or adding weight for advanced trainees. Glute Ham Raises strengthen posterior chain musculature, improve knee health, and enhance athletic qualities such as sprinting and jumping.','https://www.youtube.com/embed/SBGYSfoqyfU');
INSERT INTO exercises ( exercise_id , exercise_name , motion , level , mechanic , related_equip_id , muscle_group , body , video_link ) VALUES ('Goblet_Squat','Goblet Squat','push','beginner','compound',5,'quadriceps','Goblet Squat is a beginnerfriendly squat variation that reinforces proper squat mechanics and an upright torso by holding a dumbbell or kettlebell at chest height. Stand with feet shoulderwidth apart and hold the weight close to your chest with both hands under the top of the dumbbell. Engage the core and exhale as you push the hips back and bend the knees to descend into a squat, lowering until thighs are parallel or below. Keep the chest lifted, elbows pointing downward, and spine neutral. Inhale as you drive through the heels and midfoot to return to standing, fully extending the hips and knees. Perform 35 sets of 815 reps with controlled tempo. Variations include pulse squats, slow eccentrics, or tempo holds at depth. Goblet Squats build lowerbody strength, improve mobility, and ingrain safe movement patterns transferable to barbell squat progressions.','https://www.youtube.com/embed/wzx1t-0RA0k');
INSERT INTO exercises ( exercise_id , exercise_name , motion , level , mechanic , related_equip_id , muscle_group , body , video_link ) VALUES ('Good_Morning','Good Morning','push','intermediate','compound',8,'hamstrings','Good Morning is a hiphinge exercise that strengthens the posterior chainhamstrings, glutes, and erector spinaewhile reinforcing neutral spine alignment. Place a barbell across the upper traps and grasp with hands just outside shoulder width. Stand with feet hipwidth apart, knees soft, and engage the core. Inhale as you hinge at the hips, pushing them backward while maintaining a slight knee bend and neutral spine, lowering the torso until it is nearly parallel to the floor. Exhale as you drive the hips forward, extending them to return to standing, squeezing the glutes at lockout. Keep the bar path close to the body throughout. Perform 34 sets of 812 reps with a controlled 3second eccentric and 1second concentric. Variations include banded or chainresisted Good Mornings to alter resistance profile. This movement builds posteriorchain strength, improves hinge mechanics, and supports safer deadlifts and squats.','https://www.youtube.com/embed/CuI_p7a9VGs');
INSERT INTO exercises ( exercise_id , exercise_name , motion , level , mechanic , related_equip_id , muscle_group , body , video_link ) VALUES ('Gorilla_Chin/Crunch','Gorilla Chin/Crunch','pull','intermediate','compound',1,'abdominals','Gorilla Chin/Crunch is a hybrid core and upperbody exercise performed at a chinup station or with resistance bands to build integrated strength. Attach a band overhead or grasp a chinup bar. Hang with arms fully extended, core engaged, and lower body stabilized. Exhale as you flex the hips and spine to bring the knees and chest together in a crunch motion, contracting the rectus abdominis and engaging the lats and rhomboids to stabilize the shoulders. Pause for one second at the top, then inhale while extending the legs and lowering the torso under control back to the hang. Perform 34 sets of 610 reps, focusing on slow eccentrics and avoiding swinging. Gorilla Chin/Crunch improves coretoupperbody tension, enhances grip strength, and develops dynamic stability required in climbing and upperbody pulling movements.','https://www.youtube.com/embed/4cXIO4_HGsw');
INSERT INTO exercises ( exercise_id , exercise_name , motion , level , mechanic , related_equip_id , muscle_group , body , video_link ) VALUES ('Groiners','Groiners','pull','intermediate','compound',1,'adductors','Groiners are a dynamic mobility and activation drill targeting the hips, groin, hamstrings, and core to prepare for multiplanar movements. Begin in a high plank with hands under the shoulders and feet hipwidth apart. Step the right foot forward outside the right hand, rotating the hips forward to open the groin. Then step the right foot back to plank and immediately step the left foot outside the left hand, repeating the hip open on the other side. Continue alternating for 812 reps per side. Keep the core braced, spine neutral, and avoid sagging at the hips. Groiners improve hip internal and external rotation, enhance thoracic mobility, and serve as an effective warmup for athletic and functional training sessions.','https://www.youtube.com/embed/qbVI_1Gzzlo');
INSERT INTO exercises ( exercise_id , exercise_name , motion , level , mechanic , related_equip_id , muscle_group , body , video_link ) VALUES ('Hack_Squat','Hack Squat','push','beginner','compound',2,'quadriceps','Hack Squat is a lowerbody machine exercise that isolates the quadriceps with guided vertical or angled movement, minimizing spinal loading. Position your shoulders under the pads of the hack squat machine, feet shoulderwidth on the platform, and back flat against the pad. Inhale as you bend knees and hips to lower the body until thighs are parallel to the platform. Keep the knees aligned over the toes and chest lifted. Exhale as you press through the midfoot and heels to extend the knees and hips, returning to the start. Perform 35 sets of 612 reps with a controlled 2second descent and 1second ascent. Variations include foot placement adjustments to emphasize different quad regions. Hack Squats build quad strength, improve knee tracking, and provide a safe alternative to barbell squats for lowerbody development.','https://www.youtube.com/embed/UBlosNrhi2M');
INSERT INTO exercises ( exercise_id , exercise_name , motion , level , mechanic , related_equip_id , muscle_group , body , video_link ) VALUES ('Hammer_Curls','Hammer Curls','pull','beginner','isolation',6,'biceps','Hammer Curls are a unilateral arm exercise that targets the brachialis and brachioradialis through a neutral grip curl, enhancing forearm and biceps thickness. Stand with feet hipwidth apart, hold a dumbbell in each hand at your sides with palms facing inward. Exhale as you curl one dumbbell toward the shoulder by flexing the elbow, keeping the wrist neutral and upper arm stationary. Pause at peak contraction, then inhale while lowering under control. Alternate arms or complete all reps on one side before switching. Perform 34 sets of 815 reps per arm with a smooth 2second concentric and 2second eccentric. Variations include seated, rope hammer curls, or crossbody hammer curls. Hammer Curls improve gripping strength, correct muscle imbalances, and support pulling performance in rowing and deadlift movements.','https://www.youtube.com/embed/BRVDS6HVR9Q');
INSERT INTO exercises ( exercise_id , exercise_name , motion , level , mechanic , related_equip_id , muscle_group , body , video_link ) VALUES ('Hang_Clean','Hang Clean','pull','intermediate','compound',8,'quadriceps','Hang Clean is an explosive Olympic lift variation that emphasizes hip extension, coordination, and rapid turnover mechanics from the hang position. Stand with feet hipwidth apart, grasping a barbell at midthigh or just above the knees with a hook or mixed grip. Hinge at the hips and slightly bend the knees, maintaining a flat back and braced core. Exhale as you forcefully extend the hips and knees, shrugging the shoulders to propel the bar upward. As the bar reaches peak velocity, quickly pull yourself under by flexing the knees and rotating the elbows under the bar, catching it in a partial frontrack position. Stabilize in the front rack and stand to full extension. Lower the bar back to the hang under control by reversing the movement. Perform 35 sets of 35 reps, focusing on maximal intent and smooth turnover. Hang Cleans develop explosive power, athletic coordination, and prepare athletes for full cleans and related lifts.','https://www.youtube.com/embed/WCdhjfg7fv4');
INSERT INTO exercises ( exercise_id , exercise_name , motion , level , mechanic , related_equip_id , muscle_group , body , video_link ) VALUES ('Hang_Snatch','Hang Snatch','pull','expert','compound',8,'hamstrings','Hang Snatch is an Olympic lift variation that develops explosive power, coordination, and fullbody integration by starting from the hip or midthigh rather than the floor. Begin with feet hipwidth apart and grip a barbell with a wide snatch grip just above the shins. Hinge at the hips, keeping a neutral spine and engaged lats, until the bar rests at or just above the knees. Exhale and explosively extend the hips, knees, and ankles (triple extension), shrug the shoulders, and pull the bar upward. As the bar reaches maximal height, rapidly pull yourself under by flexing the elbows and rotating the wrists to catch the bar overhead in a full squat or partial squat position, arms fully locked out and the bar balanced over the midfoot. Stabilize and stand tall. Lower under control to the hang by reversing the sequence. Perform 35 sets of 24 reps, focusing on smooth timing between extension and turnover. Hang Snatches train the posterior chain, shoulders, core, and improve rate of force development, making them invaluable for athletes seeking true explosive strength and coordination.','https://www.youtube.com/embed/oQ1TNH8k4mg');
INSERT INTO exercises ( exercise_id , exercise_name , motion , level , mechanic , related_equip_id , muscle_group , body , video_link ) VALUES ('Heaving_Snatch_Balance','Heaving Snatch Balance','push','intermediate','compound',8,'quadriceps','Heaving Snatch Balance is a complex Olympic lifting drill that builds overhead stability, leg drive, and confidence under heavy loads by combining a tall snatch balance with a catch in a split or full squat. From a standing position with the barbell at shoulder height (front rack) or on the back, feet hipwidth apart, dip slightly by bending the knees (1015% of standing height) and initiate an explosive drive with the legs. Simultaneously press the bar overhead with locked elbows while splitting the feet into a frontback stance or dropping into a full snatch squat to receive the bar. Focus on absorbing the load with stable shoulders and a braced core. Recover by bringing the feet back together under the torso. Perform 35 sets of 13 reps with submaximal to nearmaximal loads to reinforce confidence and speed under the bar. This drill enhances shoulder stability, leg drive timing, and the athlete''s ability to catch heavy loads overhead, directly translating to improved full snatch performance and upperbody resilience.','https://www.youtube.com/embed/xoXwoXoJo_Y');
INSERT INTO exercises ( exercise_id , exercise_name , motion , level , mechanic , related_equip_id , muscle_group , body , video_link ) VALUES ('High_Cable_Curls','High Cable Curls','pull','intermediate','compound',7,'biceps','High Cable Curls are a biceps isolation exercise performed using highmounted cables to emphasize peak contraction through an unconventional curl path. Attach straight bars or handles to dual pulleys set above head height. Stand between stations and grasp handles with underhand grips, arms extended overhead and elbows near the ears. Step forward to tension the cables and engage the core. Exhale as you curl the handles downward by flexing the elbows, keeping the upper arms fixed and the elbows pointing upward. Bring the handles toward the temples or upper chest, squeezing the biceps peak at the bottom. Pause briefly, then inhale as you slowly extend the elbows back to start under constant tension. Perform 34 sets of 812 reps, focusing on a 2second concentric and 3second eccentric tempo. High Cable Curls isolate the short head of the biceps, improve peak development, and reinforce strict elbow mechanics under continuous resistance.','https://www.youtube.com/embed/xaMJYDzqTZg');
INSERT INTO exercises ( exercise_id , exercise_name , motion , level , mechanic , related_equip_id , muscle_group , body , video_link ) VALUES ('Hip_Extension_with_Bands','Hip Extension with Bands','push','beginner','compound',9,'glutes','Hip Extension with Bands is a glutefocused exercise that uses resistance bands to provide variable tension through the hip extension range of motion. Attach a loop band around the ankles or a fabric band to a low post behind you and secure it around one ankle. Stand facing the anchor point, brace the core, and hinge at the hips with a slight knee bend. Exhale as you drive the working leg backward in a straight path, contracting the gluteus maximus at full extension. Maintain an upright torso and avoid lumbar hyperextension. Pause at full extension, then inhale as you return under control. Perform 34 sets of 1215 reps per leg with a 2second eccentric phase. Variations include kneeling hip extensions or standing with band at waist. This movement strengthens the posterior chain, improves hip stability, and enhances functional movement patterns for sprinting and jumping.','https://www.youtube.com/embed/UHQt49fxraQ');
INSERT INTO exercises ( exercise_id , exercise_name , motion , level , mechanic , related_equip_id , muscle_group , body , video_link ) VALUES ('Hip_Lift_with_Band','Hip Lift with Band','push','beginner','compound',9,'glutes','Hip Lift with Band is a glutebridge variation that intensifies hip extension by adding lateral or posterior band resistance. Lie supine with knees bent and feet flat on the floor, loop a resistance band just above the knees or around the pelvis. Engage the core and glutes. Exhale as you drive through the heels to lift the hips until the torso forms a straight line from shoulders to knees. Simultaneously press the knees outward (if band at knees) or push the pelvis into the band (if hip loop) to activate abductors and glute medius. Pause at peak contraction, then inhale as you lower under control. Perform 34 sets of 1220 reps, focusing on a 2second lift, 1second hold, and 3second descent. Hip Lifts with Bands improve glute strength, hip stability, and pelvic control for better movement quality and injury prevention.','https://www.youtube.com/embed/p7cFEtMC68g');
INSERT INTO exercises ( exercise_id , exercise_name , motion , level , mechanic , related_equip_id , muscle_group , body , video_link ) VALUES ('Hurdle_Hops','Hurdle Hops','push','beginner','compound',3,'hamstrings','Hurdle Hops are a plyometric drill that enhances lowerbody reactive strength, coordination, and singleleg power by jumping laterally or forward over a series of low hurdles. Set multiple hurdles or cones at progressive heights and distances. Begin in an athletic stance, core braced, and perform consecutive hops over each hurdle, landing softly on the balls of the feet with knees slightly bent to absorb impact. Maintain forward gaze and minimal ground contact time. For lateral hops, face perpendicular to the hurdles and perform sidetoside bounds. Perform 35 sets of 610 hurdles each direction, resting 6090 seconds between sets. Focus on explosive ankle, knee, and hip extension with quick rebound. Hurdle Hops improve stretchshortening cycle efficiency, changeofdirection ability, and neuromuscular coordination critical for multidirectional sports.','https://www.youtube.com/embed/xRTOSiBKEnM');
INSERT INTO exercises ( exercise_id , exercise_name , motion , level , mechanic , related_equip_id , muscle_group , body , video_link ) VALUES ('Hyperextensions_(Back_Extensions)','Hyperextensions (Back Extensions)','pull','beginner','isolation',3,'lower back','Hyperextensions, or Back Extensions, strengthen the spinal erectors, glutes, and hamstrings through controlled hip extension on a Roman chair or GHD machine. Position your hips on the pad and secure the ankles under the foot rollers. Cross your arms over your chest or place hands behind your head. Start with a neutral spine and torso parallel to the floor. Exhale as you extend the hips to lift the torso until the body forms a straight line. Squeeze the glutes at the top without hyperextending the lower back. Inhale as you hinge at the hips and lower under control until midtorso passes below the pad. Perform 34 sets of 1015 reps with a 2second concentric and 3second eccentric. Variations include holding a weight plate or twisting slightly for oblique engagement. Hyperextensions improve posteriorchain strength, posture, and lumbar resilience for safer lifting biomechanics.','https://www.youtube.com/embed/GcT1ntwkjZ0');
INSERT INTO exercises ( exercise_id , exercise_name , motion , level , mechanic , related_equip_id , muscle_group , body , video_link ) VALUES ('Incline_Bench_Pull','Incline Bench Pull','pull','beginner','isolation',8,'middle back','Incline Bench Pull is a unilateral or bilateral rowing movement performed lying prone on an incline bench to isolate the lats, rhomboids, and rear delts while minimizing lowerback involvement. Set an adjustable bench to 3045 incline and place it against a rack loaded with dumbbells or a barbell at bench height. Lie face down with chest and abdomen supported, grasp the handles or bar with a pronated or neutral grip, and let the weight hang under control. Exhale as you retract the scapulae and pull the weight toward your torso, keeping elbows close to the body or flared for reardelt emphasis. Pause for one second at peak contraction, then inhale as you lower the weight back to full extension. Perform 34 sets of 812 reps, focusing on strict form and minimal torso movement. Incline Bench Pulls improve upperback strength, posture, and scapular control without compressive spinal loads.','https://www.youtube.com/embed/50vRvFaTQvg');
INSERT INTO exercises ( exercise_id , exercise_name , motion , level , mechanic , related_equip_id , muscle_group , body , video_link ) VALUES ('Incline_Cable_Flye','Incline Cable Flye','push','intermediate','isolation',7,'chest','Incline Cable Flye isolates the upperchest fibers by performing a fly movement on an incline bench between two high pulleys to maintain consistent tension. Set an incline bench at 3045 between dual cable stations with handles attached to the highest positions. Lie back on the bench, grasp the handles in each hand, and extend your arms out to the sides with a slight bend in the elbows. Exhale as you bring the handles together in a wide arc above the upper chest, focusing on squeezing the clavicular head. Pause briefly, then inhale as you control the eccentric back to the start, feeling a deep stretch. Perform 34 sets of 1015 reps with a 3second negative. Incline Cable Flyes improve upperpectoral development, enhance mindmuscle connection, and promote balanced shoulder mechanics under constant tension.','https://www.youtube.com/embed/LGDCjwO-hFg');
INSERT INTO exercises ( exercise_id , exercise_name , motion , level , mechanic , related_equip_id , muscle_group , body , video_link ) VALUES ('Incline_Dumbbell_Curl','Incline Dumbbell Curl','pull','beginner','isolation',6,'biceps','Incline Dumbbell Curl is a biceps isolation exercise that increases the stretch on the long head by performing curls on an incline bench. Set the bench at 45 and sit back with a dumbbell in each hand, arms fully extended and palms facing forward. Keep the elbows fixed and close to the body. Exhale as you curl the dumbbells toward the shoulders by flexing the elbows and contracting the biceps. Pause at peak contraction for one to two seconds, then inhale as you lower the weights under control to full extension, stretching the long head. Maintain a braced core and avoid swinging. Perform 34 sets of 812 reps with a 2second concentric and 3second eccentric. Incline Dumbbell Curls improve biceps peak, enhance elbow flexion strength, and support balanced arm development.','https://www.youtube.com/embed/XhIsIcjIbCw');
INSERT INTO exercises ( exercise_id , exercise_name , motion , level , mechanic , related_equip_id , muscle_group , body , video_link ) VALUES ('Incline_Dumbbell_Press','Incline Dumbbell Press','push','beginner','compound',6,'chest','Incline Dumbbell Press is a compound upperbody exercise that targets the upper pectorals, anterior deltoids, and triceps by pressing dumbbells on an incline bench. Set the bench to 3045 incline and lie back with feet planted. Hold a dumbbell in each hand at shoulder level with palms facing forward. Exhale as you press the weights upward along a slightly angled path until the arms are nearly locked out, keeping shoulder blades retracted. Pause at the top, then inhale as you lower the dumbbells under control until the upper arms align with the bench, stretching the chest. Perform 35 sets of 612 reps, focusing on controlled tempo (2second eccentric) and full range of motion. Variations include neutral grip or alternating presses. Incline Dumbbell Presses improve upperchest development, shoulder stability, and pressing mechanics for functional and aesthetic goals.','https://www.youtube.com/embed/ou6s32mJgjU');
INSERT INTO exercises ( exercise_id , exercise_name , motion , level , mechanic , related_equip_id , muscle_group , body , video_link ) VALUES ('Incline_Hammer_Curls','Incline Hammer Curls','pull','beginner','isolation',6,'biceps','Incline Hammer Curls are a biceps and forearm exercise performed on an incline bench to maximize brachialis and brachioradialis activation under constant tension. Set the bench to 3045 and sit back with dumbbells at your sides, palms facing each other. Keep the elbows fixed. Exhale as you curl the dumbbells upward in a neutral grip, leading with the elbow and squeezing the forearm muscles at the top. Pause for one second, then inhale as you lower under control to full extension. Perform 34 sets of 812 reps with a 2second concentric and 3second eccentric. Variations include alternating arms or simultaneous curls. Incline Hammer Curls improve arm thickness, grip strength, and support balanced development of the biceps and forearms.','https://www.youtube.com/embed/8Af8ZxOsG2o');
INSERT INTO exercises ( exercise_id , exercise_name , motion , level , mechanic , related_equip_id , muscle_group , body , video_link ) VALUES ('Inverted_Row_with_Straps','Inverted Row with Straps','pull','beginner','compound',3,'middle back','Inverted Row with Straps is a bodyweight horizontal pulling exercise that develops the lats, rhomboids, and biceps while challenging core stability. Attach suspension straps or TRX handles to an anchor overhead. Grasp handles with an overhand grip, palms facing away, and position your body under the straps in a straight line from head to heels. Exhale as you pull your chest toward the handles by retracting the scapulae and flexing the elbows, keeping the body rigid and core engaged. Pause at the top to squeeze the upper back, then inhale as you lower under control to full arm extension. Foot position (higher = easier, lower = harder) adjusts difficulty. Perform 34 sets of 815 reps, focusing on strict form and minimal torso sag. Inverted Rows improve upperback strength, posture, and scapular stability without loading the lower back.','https://www.youtube.com/embed/2Zsso20AyD8');
INSERT INTO exercises ( exercise_id , exercise_name , motion , level , mechanic , related_equip_id , muscle_group , body , video_link ) VALUES ('Iron_Cross','Iron Cross','push','intermediate','compound',6,'shoulders','Iron Cross is a static chest and shoulder hold performed on gymnastic rings or a pecdeck machine to build deep tissue endurance and joint stability. On rings, start in a support position with rings at waist height. Slowly lower the body by abducting the arms outward until the body forms a T shape, keeping the torso upright and core braced. Hold the position for time (1030 seconds) while maintaining shoulder depression and external rotation. Reverse the movement under control to return to start. On a pecdeck, sit with chest against the pad and open the arms to the sides until level with the shoulders, pause, then return. Perform 34 holds per session. Iron Cross enhances rotatorcuff strength, scapular stability, and chest endurance for advanced gymnastic and strength movements.','https://www.youtube.com/embed/j5qKu3zPY-E');
INSERT INTO exercises ( exercise_id , exercise_name , motion , level , mechanic , related_equip_id , muscle_group , body , video_link ) VALUES ('Isometric_Chest_Squeezes','Isometric Chest Squeezes','static','beginner','compound',1,'chest','Isometric Chest Squeezes are a timeundertension drill to activate and strengthen the pectorals through static contraction. Stand or sit upright and press your palms together in front of your chest at midsternum height, elbows bent. Squeeze the hands together as hard as possible to contract the chest muscles; maintain scapular retraction and braced core. Hold for 1030 seconds, focusing on maximal chest engagement and breathing calmly. Release tension briefly and repeat for 35 sets. Variations include pressing a stability ball or medicine ball between the palms for feedback. These squeezes improve mindmuscle connection, pectoral activation, and joint stability for pressing movements and posture correction.','https://www.youtube.com/embed/LKP1YiVV0y8');
INSERT INTO exercises ( exercise_id , exercise_name , motion , level , mechanic , related_equip_id , muscle_group , body , video_link ) VALUES ('Jefferson_Squats','Jefferson Squats','push','intermediate','compound',8,'quadriceps','Jefferson Squats are an asymmetrical squat variation that challenges the core, legs, and hip mobility by splitting the stance over a barbell. Place a barbell on the floor and straddle it with feet on either side. Grip the barbell with one hand in front and one behind at shoulder width. Squat down by bending both knees and hips, keeping the back neutral and chest up. Exhale as you drive through the heels to stand, extending the hips and knees to lift the bar. Inhale on the descent. Keep the torso upright and ensure knees track over toes. Perform 34 sets of 610 reps per side grip. Jefferson Squats improve unilateral strength, core stability, and hip flexibility, making them a unique tool for balanced development and functional strength.','https://www.youtube.com/embed/VzQhgHPoi4s');
INSERT INTO exercises ( exercise_id , exercise_name , motion , level , mechanic , related_equip_id , muscle_group , body , video_link ) VALUES ('Jerk_Balance','Jerk Balance','push','intermediate','compound',8,'shoulders','Jerk Balance is an overhead stability and footplacement drill combining a slight dip, drive, and split foot catch without loading heavy weights. Begin with feet hipwidth apart and barbell at rack position on the shoulders. Dip by flexing the knees slightly (1015% of standing height), then drive through the legs to propel the bar upward. As the bar rises, quickly kick the feet into a split stance (one foot forward, one back) to catch the bar overhead with locked elbows. Maintain core bracing and neutral spine. Reset by bringing the feet back together under control. Perform 35 sets of 35 reps with an empty or light barbell, focusing on speed, stability, and precise foot placement. Jerk Balances reinforce splitjerk mechanics, overhead confidence, and coordination for Olympic lifting.','https://www.youtube.com/embed/VWU_0OwXoPQ');
INSERT INTO exercises ( exercise_id , exercise_name , motion , level , mechanic , related_equip_id , muscle_group , body , video_link ) VALUES ('JM_Press','JM Press','push','beginner','compound',8,'triceps','JM Press is a hybrid triceps and chest press performed primarily on a bench with an EZcurl bar to emphasize the elbowextension lockout. Lie supine on a flat bench and grasp the EZ bar with a close underhand grip (index fingers inside the inner curves). Begin with the bar at midchest, elbows flared slightly. Exhale as you hinge the elbows to lower the bar toward the forehead or upper chest, keeping the elbows close to the body. Pause briefly at the bottom, then inhale as you extend the elbows to lockout, pressing the bar back to start. Maintain shoulder retraction and avoid flaring the elbows too wide. Perform 34 sets of 812 reps with a controlled 2second eccentric and explosive concentric. JM Press targets the triceps long head and supports lockout strength for presses and dips.','https://www.youtube.com/embed/Tih5iHyELsE');
INSERT INTO exercises ( exercise_id , exercise_name , motion , level , mechanic , related_equip_id , muscle_group , body , video_link ) VALUES ('Kettlebell_Arnold_Press','Kettlebell Arnold Press','push','intermediate','compound',5,'shoulders','Kettlebell Arnold Press is a shoulder press variation that integrates rotation to fully engage all deltoid heads and rotatorcuff muscles. Standing or seated, hold a kettlebell in front rack position with the handle diagonally across the palm and the bell resting on the forearm. Begin with palms facing your body. Exhale as you press the kettlebell overhead, rotating the wrist so that the palm faces away at lockout, fully extending the elbow. Pause, then inhale while reversing the rotation and lowering back to the start under control. Perform 34 sets of 812 reps per arm, focusing on smooth rotation and stable core. This move enhances shoulder mobility, balanced development, and functional pressing strength across multiple planes.','https://www.youtube.com/embed/L36mHHEUpds');
INSERT INTO exercises ( exercise_id , exercise_name , motion , level , mechanic , related_equip_id , muscle_group , body , video_link ) VALUES ('Kettlebell_Dead_Clean','Kettlebell Dead Clean','pull','intermediate','compound',5,'hamstrings','Kettlebell Dead Clean is a kettlebell Olympicstyle lift that develops explosive hip drive and rack stability through a fluid deadlift to clean motion. Place a kettlebell on the floor between feet hipwidth apart. Bend at the hips and knees to grip the handle, keeping the back flat and chest up. Exhale as you perform a powerful hip snap and leg extension, driving the kettlebell upward. As the bell reaches chest level, quickly rotate the elbow under and catch in the front rack position, bell resting against the forearm. Keep the wrist tall and core braced. Pause briefly, then reverse the movement by hinging at the hips and lowering the kettlebell under control back to the start. Perform 35 sets of 46 reps per arm, focusing on timing between lowerbody extension and upperbody turnover. Kettlebell Dead Cleans improve posterior chain power, grip strength, and dynamic coordination for ballistic movements.','https://www.youtube.com/embed/U8l1NHKHQxI');
INSERT INTO exercises ( exercise_id , exercise_name , motion , level , mechanic , related_equip_id , muscle_group , body , video_link ) VALUES ('Kettlebell_Hang_Clean','Kettlebell Hang Clean','pull','intermediate','compound',5,'hamstrings','Kettlebell Hang Clean is a singlearm power exercise that develops explosive hip extension, coordination, and rack stability starting from the hang position. Begin by holding a kettlebell at midthigh height with a neutral grip, feet hipwidth apart, and torso upright. Hinge at the hips with a slight knee bend, maintaining a flat back and braced core. Exhale as you explosively extend the hips and knees, driving the kettlebell upward. As the bell reaches chest height, rapidly pull under by rotating the elbow under the bell and catching it in the frontrack position, wrist tall and elbow pointing forward. Stand fully erect to complete the movement, squeezing the glutes and bracing the core. Inhale as you reverse under control by lowering the bell back to the hang, hinging at the hips first and then bending the knees. Perform 35 sets of 46 reps per arm, focusing on fluid timing between lowerbody drive and upperbody turnover. This movement trains fullbody power, unilateral balance, and dynamic grip strength transferable to cleans, snatches, and athletic performance.','https://www.youtube.com/embed/Z8zvgkiFmNQ');
INSERT INTO exercises ( exercise_id , exercise_name , motion , level , mechanic , related_equip_id , muscle_group , body , video_link ) VALUES ('Kettlebell_Thruster','Kettlebell Thruster','push','intermediate','compound',5,'shoulders','Kettlebell Thruster is a compound, fullbody exercise combining a frontrack squat with an overhead press to build simultaneous lower and upperbody power, strength, and endurance. Stand with feet shoulderwidth apart, holding a kettlebell in each hand at shoulder height in the frontrack position, elbows pointing forward. Engage the core and inhale as you squat by pushing the hips back and bending the knees until thighs are at least parallel to the floor. Exhale explosively through the heels and midfoot to drive upward, using leg drive to help press the kettlebells overhead in a single fluid motion, arms fully extended at lockout. Keep the spine neutral and shoulders retracted. Inhale as you lower the bells back to the shoulders while descending into the next squat. Perform 34 sets of 812 reps, focusing on smooth transitions and coordinated hipknee extension. Thrusters enhance metabolic conditioning, totalbody coordination, and functional strength for athletic and daily tasks requiring simultaneous lower and upperbody engagement.','https://www.youtube.com/embed/2qRbPR72N4Y');
INSERT INTO exercises ( exercise_id , exercise_name , motion , level , mechanic , related_equip_id , muscle_group , body , video_link ) VALUES ('Kipping_Muscle_Up','Kipping Muscle Up','pull','intermediate','compound',3,'lats','Kipping Muscle Up is a dynamic, gymnasticsstyle movement that combines a pullup with a dip in one continuous motion using momentum generated by a hipdrive kip. Begin by hanging from a pullup bar with a false grip and feet together. Perform a controlled kip by swinging the body backward and then explosively snapping the hips forward, generating upward momentum. As the body rises, pull aggressively to bring the chest above the bar, then transition your hands over the bar and press down to extend the elbows into the dip lockout position. Maintain a tight core and hollow body throughout to maximize efficiency. Lower back under control into a bar dip, then reverse the kip by swinging forward and lowering into a dead hang. Perform 35 sets of 36 reps, resting fully between attempts to ensure maximal power and technique. Kipping Muscle Ups build upperbody strength, coordination, and athleticism while emphasizing dynamic tension transfer and core engagement critical for advanced gymnastic movements.','https://www.youtube.com/embed/OCg3UXgzftc');
INSERT INTO exercises ( exercise_id , exercise_name , motion , level , mechanic , related_equip_id , muscle_group , body , video_link ) VALUES ('Knee_Circles','Knee Circles','pull','beginner','compound',1,'calves','Knee Circles are a mobility and rehabilitation exercise designed to improve lubrication and range of motion in the knee joint through controlled circular movements. Sit on a bench or chair with one foot hanging freely and the opposite leg supported. With the hip and knee flexed at 90 degrees, place your hands lightly behind the thigh or hold the shin just below the knee. Engage the quadriceps and hamstrings to stabilize the joint. Slowly rotate the lower leg in a clockwise circular motion, keeping the hip and ankle stable. Complete 812 rotations, then reverse and perform 812 counterclockwise. Focus on smooth, painfree movement and avoid forcing the joint beyond its comfortable range. Perform 23 sets per side. Knee Circles increase synovial fluid distribution, reduce stiffness, and enhance proprioception, making them ideal for prehab, warmups, or postinjury rehabilitation to maintain healthy knee function.','https://www.youtube.com/embed/92owncvIHlY');
INSERT INTO exercises ( exercise_id , exercise_name , motion , level , mechanic , related_equip_id , muscle_group , body , video_link ) VALUES ('Knee_Tuck_Jump','Knee Tuck Jump','push','beginner','compound',1,'hamstrings','Knee Tuck Jump is a plyometric exercise that develops explosive lowerbody power, hip flexor strength, and coordination by combining a vertical jump with a midair knee tuck. Stand with feet hipwidth apart and core engaged. Lower into a quarter squat, swinging the arms back. Exhale as you explode upward, driving through the ankles, knees, and hips to jump maximally. At the peak, pull the knees toward the chest by flexing the hips and knees rapidly, gripping the shins with the hands if possible. Hold the tuck for a brief moment, then extend the legs to prepare for landing. Land softly on the balls of your feet with knees bent to absorb impact. Immediately rebound into the next rep. Perform 34 sets of 810 reps, resting 6090 seconds between sets to maintain maximal power. Knee Tuck Jumps improve stretchshortening cycle efficiency, athleticism, and lowerbody reactive strength for sprinting, jumping, and changeofdirection tasks.','https://www.youtube.com/embed/szR6ok7JDy8');
INSERT INTO exercises ( exercise_id , exercise_name , motion , level , mechanic , related_equip_id , muscle_group , body , video_link ) VALUES ('Lateral_Bound','Lateral Bound','push','beginner','compound',1,'adductors','Lateral Bound is a plyometric lateral jump drill that enhances singleleg power, reactive strength, and mediolateral stability. Begin in an athletic stance on one foot, with the opposite leg slightly off the ground. Engage the core and hinge slightly at the hips. Exhale as you push off the supporting foot to bound laterally onto the other foot, covering distance while maintaining an upright torso. Absorb the landing by flexing the knee and hip, minimizing ground contact time. Immediately explode into the next bound back in the opposite direction. Perform 35 sets of 68 bounds per side, focusing on maximal distance and controlled landings. Lateral Bounds train the stretchshortening cycle in the frontal plane, improve ankle, knee, and hip stability, and transfer to enhanced agility and multidirectional sports performance.','https://www.youtube.com/embed/Hc9_FQgIeeg');
INSERT INTO exercises ( exercise_id , exercise_name , motion , level , mechanic , related_equip_id , muscle_group , body , video_link ) VALUES ('Leg_Extensions','Leg Extensions','push','beginner','isolation',2,'quadriceps','Leg Extensions isolate the quadriceps by providing kneeextension resistance on a machine. Sit with your back against the pad, legs under the roller pads at ankle level, and hands holding side grips for stability. Adjust the axis of rotation to align with your knee joint. Inhale as you curl the weight forward by extending the knees to full extension, pausing for one second at peak contraction to engage the vastus medialis, lateralis, and intermedius. Exhale while returning under control to 90 degrees of knee flexion. Perform 34 sets of 1015 reps with a 2second concentric and 3second eccentric tempo. Avoid hyperextending the knees at the top and maintain a neutral spine. Leg Extensions strengthen the quadriceps, improve knee stability, and serve as an effective accessory movement for knee rehabilitation and hypertrophy.','https://www.youtube.com/embed/MpEydcQ1oDw');
INSERT INTO exercises ( exercise_id , exercise_name , motion , level , mechanic , related_equip_id , muscle_group , body , video_link ) VALUES ('Leg_Press','Leg Press','push','beginner','compound',2,'quadriceps','Leg Press is a compound machine exercise that targets the quadriceps, hamstrings, and glutes through a seated or angled platform push. Sit in the leg press seat with feet hipwidth on the platform, back and hips supported, and knees bent at approximately 90 degrees. Release the safety handles and inhale. Exhale as you press through the heels and midfoot to extend the knees and hips, pushing the platform away until legs are nearly straight without locking out. Inhale while lowering under control back to the start until knees reach 90 degrees. Perform 35 sets of 815 reps, adjusting foot placement to emphasize different muscle regions. Variations include high foot placement to target glutes and hamstrings or low placement for quad emphasis. Leg Press allows heavy loading with reduced spinal compression, supporting lowerbody strength and hypertrophy.','https://www.youtube.com/embed/p5dCqF7wWUw');
INSERT INTO exercises ( exercise_id , exercise_name , motion , level , mechanic , related_equip_id , muscle_group , body , video_link ) VALUES ('Lying_Leg_Curls','Lying Leg Curls','pull','beginner','isolation',2,'hamstrings','Lying Leg Curls isolate the hamstrings by providing kneeflexion resistance on a prone machine. Lie face down with the hips against the pad and ankles under the roller pad. Grab the side handles for stability. Inhale as you lower the weight by extending the knees, then exhale as you flex the knees to curl your heels toward the glutes. Pause at peak contraction to engage the semitendinosus, semimembranosus, and biceps femoris. Inhale while lowering under control to full knee extension. Perform 34 sets of 1015 reps with a 2second concentric and 3second eccentric tempo. Avoid hip extension and maintain glute and core engagement. Lying Leg Curls strengthen the hamstrings, improve knee joint health, and balance anterior and posterior thigh musculature.','https://www.youtube.com/embed/ANKSmhT0dTk');
INSERT INTO exercises ( exercise_id , exercise_name , motion , level , mechanic , related_equip_id , muscle_group , body , video_link ) VALUES ('Machine_Bench_Press','Machine Bench Press','push','beginner','compound',2,'chest','Machine Bench Press is a guided pressing exercise that simulates the barbell bench press with stabilized path and reduced need for spotter. Sit with back firmly against the pad, feet flat, and grasp the handles at chest level. Inhale to brace the core. Exhale as you press the handles forward by extending the elbows, keeping wrists neutral. Pause at full extension with slight elbow bend, then inhale as you return under control until elbows reach 90 degrees. Perform 34 sets of 612 reps focusing on smooth concentric and eccentric phases. This variation isolates the pectorals, anterior deltoids, and triceps while minimizing wrist and shoulder stabilization demands, making it ideal for beginners, injury rehab, and heavy pressing without a spotter.','https://www.youtube.com/embed/cp3W7QYpPms');
INSERT INTO exercises ( exercise_id , exercise_name , motion , level , mechanic , related_equip_id , muscle_group , body , video_link ) VALUES ('Machine_Bicep_Curl','Machine Bicep Curl','pull','beginner','isolation',2,'biceps','Machine Bicep Curl is a seated, guided curl exercise that isolates the biceps with fixed path and reduced lowerback involvement. Sit with chest against the pad and arms under the pads or on handles aligned with the machine pivot. Grasp handles with an underhand grip. Exhale as you curl the handles toward your shoulders by flexing the elbows, keeping upper arms static. Pause at peak contraction, then inhale while returning under control to full extension. Perform 34 sets of 815 reps with a controlled 2second concentric and 3second eccentric tempo. Machine Bicep Curls ensure strict form, minimize momentum, and deliver constant tension for hypertrophy and elbow joint health.','https://www.youtube.com/embed/XFAYzZgcbSc');
INSERT INTO exercises ( exercise_id , exercise_name , motion , level , mechanic , related_equip_id , muscle_group , body , video_link ) VALUES ('Medicine_Ball_Scoop_Throw','Medicine Ball Scoop Throw','push','beginner','compound',10,'shoulders','Medicine Ball Scoop Throw is a dynamic core and upperbody power exercise that combines rotational trunk flexion with explosive overhead release. Stand facing a wall or partner with feet hipwidth apart, holding a medicine ball at waist level. Hinge slightly at the hips and rotate the torso away from the target, then exhale and explosively rotate the hips and shoulders toward the target while scooping the ball upward and forward in a diagonal arc. Release at full extension to throw the ball. Catch or retrieve and reset. Perform 35 sets of 68 throws per side with full recovery between sets to maintain maximal power. This drill trains obliques, rectus abdominis, shoulders, and hiptoshoulder force transfer, enhancing rotational athletic performance and core stability.','https://www.youtube.com/embed/mxf1D3NtxMo');
INSERT INTO exercises ( exercise_id , exercise_name , motion , level , mechanic , related_equip_id , muscle_group , body , video_link ) VALUES ('Monster_Walk','Monster Walk','pull','beginner','compound',9,'abductors','Monster Walk is a lowerbody activation and glutemedius strengthening drill using a loop band around the ankles or above the knees. Stand with feet hipwidth apart and elastic band around legs. Slightly bend the knees and hinge at the hips into an athletic halfsquat. Maintain chest up and core braced. Exhale as you step one foot laterally outward against the band''s resistance, then bring the other foot to restore the hipwidth stance without letting the band slack. Continue sidestepping for 1020 steps in each direction. Perform 23 sets, focusing on constant band tension and controlled tempo. Monster Walks improve lateral hip stability, knee tracking, and glute activation for injury prevention and improved squat and gait mechanics.','https://www.youtube.com/embed/snbNxUIUQPc');
INSERT INTO exercises ( exercise_id , exercise_name , motion , level , mechanic , related_equip_id , muscle_group , body , video_link ) VALUES ('Muscle_Up','Muscle Up','pull','intermediate','compound',3,'lats','Muscle Up is a composite bodyweight exercise that transitions from a pullup to a dip, developing exceptional upperbody strength, coordination, and core engagement. Start from a false grip on gymnastic rings or pullup bar. Perform a powerful pullup while leaning the chest forward, then transition by pressing the hands downward and rotating the wrists to bring the torso above the handles or bar. Immediately press into a dip by extending the elbows and locking out overhead. Lower under control back to the pullup hang in reverse sequence. Focus on tight core, explosive pull, and a smooth transition. Perform 35 sets of 15 reps with full recovery. Muscle Ups require mastery of pullups and dips, and they build upperbody strength, power, and gymnastic proficiency.','https://www.youtube.com/embed/469LWJddIio');
INSERT INTO exercises ( exercise_id , exercise_name , motion , level , mechanic , related_equip_id , muscle_group , body , video_link ) VALUES ('Narrow_Stance_Leg_Press','Narrow Stance Leg Press','push','intermediate','compound',2,'quadriceps','Narrow Stance Leg Press is a legpress variation that emphasizes the quadriceps by placing feet closer together on the platform. Sit with your back supported, place feet hipwidth or closer on the platform at midheight. Inhale to brace, then exhale as you press through the balls of the feet and midfoot, extending the knees and hips to push the sled. Keep knees aligned over toes and avoid outward flaring. Pause at lockout without hyperextending the knees, then inhale as you lower under control until knees reach 90 degrees. Perform 35 sets of 815 reps, focusing on strict form and controlled tempo. This variation increases quad activation and can help address muscular imbalances between quads and glutes.','https://www.youtube.com/embed/0LIk95w0r4U');
INSERT INTO exercises ( exercise_id , exercise_name , motion , level , mechanic , related_equip_id , muscle_group , body , video_link ) VALUES ('Natural_Glute_Ham_Raise','Natural Glute Ham Raise','pull','intermediate','compound',1,'hamstrings','Natural Glute Ham Raise is a bodyweight posteriorchain exercise performed on a gluteham developer without machine assistance, targeting hamstrings, glutes, and spinal erectors. Secure your heels under the foot rollers and position your knees at the pad edge. Keep the torso upright and core engaged. Exhale as you hinge at the knees and hips to lower the torso toward the floor, maintaining back extension. When you can no longer control the descent, contract the hamstrings and glutes to pull your body back to vertical. Perform 34 sets of 48 reps, using a band for assistance if needed. This movement builds functional posteriorchain strength, improves knee flexion control, and enhances athletic performance in sprinting and jumping.','https://www.youtube.com/embed/BB7AelgbrAg');
INSERT INTO exercises ( exercise_id , exercise_name , motion , level , mechanic , related_equip_id , muscle_group , body , video_link ) VALUES ('Oblique_Crunches','Oblique Crunches','pull','beginner','isolation',1,'abdominals','Oblique Crunches isolate the side abs by combining spinal flexion with lateral trunk contraction. Lie supine with knees bent and feet flat, arms behind the head. Exhale as you lift the right shoulder blade off the ground while twisting the torso to bring the right elbow toward the left knee, laterally flexing the spine. Pause at peak contraction, then inhale as you lower back under control. Alternate sides or perform all reps on one side. Perform 34 sets of 1216 reps per side with a controlled 2second concentric and 3second eccentric. Variations include adding resistance by holding a weight plate or medicine ball. Oblique Crunches strengthen the internal and external obliques, improve trunk rotation control, and support spinal stability.','https://www.youtube.com/embed/AcvfBd9C2kA');
INSERT INTO exercises ( exercise_id , exercise_name , motion , level , mechanic , related_equip_id , muscle_group , body , video_link ) VALUES ('Olympic_Squat','Olympic Squat','push','intermediate','compound',8,'quadriceps','Olympic Squat, or highbar back squat, is a variation where the barbell rests on the trapezius at shoulder height, promoting an upright torso and greater quadriceps activation. Position the bar high on the traps, feet shoulderwidth apart with toes slightly turned out. Inhale to brace the core, then descend by pushing the hips back and bending the knees, keeping the torso vertical. Lower until the hip crease is below parallel, ensuring the knees track over the toes. Exhale as you drive through the heels to return to standing, maintaining elbow position and chest up. Perform 35 sets of 312 reps, adjusting load to emphasize strength or hypertrophy. Olympic Squats improve knee and hip mobility, quad and glute development, and competitionstyle squat performance.','https://www.youtube.com/embed/-sM5af2545M');
INSERT INTO exercises ( exercise_id , exercise_name , motion , level , mechanic , related_equip_id , muscle_group , body , video_link ) VALUES ('Pallof_Press','Pallof Press','pull','beginner','isolation',7,'abdominals','Pallof Press is an antirotation core exercise using a cable or band to resist trunk rotation and strengthen the deep stabilizers. Attach a handle to a cable machine at chest height or loop a band around an anchor. Stand perpendicular to the anchor, grasping the handle with both hands at the sternum. Step away to create tension, feet shoulderwidth, and brace the core. Exhale as you extend your arms straight in front of you, holding the handle or band away from your torso without allowing rotation. Pause for 23 seconds, then inhale as you bring the handle back to the chest under control. Perform 34 sets of 812 reps per side. Pallof Press improves core stiffness, lowest likely reduces risk of spine injury in rotational activities.','https://www.youtube.com/embed/ma2OjgP5XDc');
INSERT INTO exercises ( exercise_id , exercise_name , motion , level , mechanic , related_equip_id , muscle_group , body , video_link ) VALUES ('Plank','Plank','static','beginner','isolation',1,'abdominals','Plank is an isometric corestability exercise that engages the entire abdominal wall, lower back, glutes, and shoulders. Assume a forearm plank position with elbows under shoulders, forearms parallel, and toes tucked under. Extend legs and align the body from head to heels in a straight line. Engage the transverse abdominis by pulling the navel toward the spine and tighten the glutes and quads to prevent hip sagging. Keep the head neutral and shoulders protracted to stabilize the scapulae. Breathe steadily without dropping the hips or hiking them upward. Hold for timebeginning with 2030 seconds and progressing to 12 minutes or more. Perform 24 sets with full rest between holds. Variations include side planks, weighted planks, or stabilityball planks. Planks build foundational trunk stability essential for lifting, athletic performance, and injury prevention.','https://www.youtube.com/embed/pvIjsG5Svck');
INSERT INTO exercises ( exercise_id , exercise_name , motion , level , mechanic , related_equip_id , muscle_group , body , video_link ) VALUES ('Plate_Twist','Plate Twist','pull','intermediate','compound',3,'abdominals','Plate Twist is a dynamic rotational core exercise that targets the internal and external obliques, rectus abdominis, and transverse abdominis while also engaging the hip flexors and lower back for stability. To perform, stand with feet shoulderwidth apart, holding a weight plate (1025lb) vertically at chest height with both hands on the edges. Engage your core and, keeping your hips and lower body stable, exhale as you rotate your torso to the right, moving the plate in an arc while keeping your arms extended but elbows slightly bent. Pause briefly at end range to maximize oblique contraction, then inhale as you reverse the movement, rotating through center and continuing to the left. Maintain an upright postureavoid leaning or shifting weightand keep the movement controlled throughout. Perform 34 sets of 1012 full rotations per side, resting 3060seconds between sets. Variations include seated Plate Twists on a bench or Swiss ball for added core challenge, or using a cable machine attachment. Plate Twists improve functional trunk rotation for sports and daily activities, enhance core stability, and help develop a tighter waistline by strengthening the obliques through a full range of motion.','https://www.youtube.com/embed/HfabxzkQPdg');
INSERT INTO exercises ( exercise_id , exercise_name , motion , level , mechanic , related_equip_id , muscle_group , body , video_link ) VALUES ('Power_Clean','Power Clean','pull','intermediate','compound',8,'hamstrings','Power Clean is a foundational Olympicstyle power movement designed to develop explosive strength, coordination, and fullbody athleticism by transferring force from the posterior chain into the barbell and catching it in a partial front squat. Begin with feet hipwidth apart under the barbell, using a hook grip just outside the knees. Set the back flat, retract the lats, and brace the core. Exhale and drive through the heels, explosively extending the hips, knees, and ankles (triple extension) to propel the bar upward along the thighs. As the bar reaches midthigh to hip height, shrug the shoulders and pull under by rotating the elbows quickly around and under the bar, catching it on the anterior deltoids in a quartersquat position. Stabilize the front rack with wrists dorsiflexed and elbows high, then stand to full extension. Lower the bar under control to the floor to reset. Perform 35 sets of 24 reps with nearmaximal intent, focusing on smooth timing between the pull and turnover phases. Power Cleans train the glutes, hamstrings, quadriceps, upper back, and core while enhancing rate of force development, making them indispensable for strength and conditioning programs aimed at improving athletic performance in sprinting, jumping, and changeofdirection sports.','https://www.youtube.com/embed/GVt4uQ0sDJE');
INSERT INTO exercises ( exercise_id , exercise_name , motion , level , mechanic , related_equip_id , muscle_group , body , video_link ) VALUES ('Preacher_Curl','Preacher Curl','pull','beginner','isolation',8,'biceps','Preacher Curl is a biceps isolation exercise performed on a preacher bench to eliminate body swing and maximize tension on the biceps brachii through a strict elbowflexion movement. Adjust the pad height so that your upper arms rest flat against the angled bench with armpits just above the top edge. Grasp an EZcurl bar, straight bar, or dumbbells with an underhand grip and extend your arms fully to load the triceps. Exhale as you curl the weight upward by flexing the elbows, keeping the upper arms stationary against the pad. Squeeze the biceps at peak contraction and pause for one to two seconds to reinforce mindmuscle connection. Inhale as you slowly lower the weight under control until the arms are fully extended but without unlocking the elbows. Perform 34 sets of 812 reps with a 2second concentric and 3second eccentric tempo. Variations include onearm preacher curls for unilateral focus or drop sets for added intensity. Preacher Curls strengthen the biceps peak, improve elbow joint stability, and prevent cheating by eliminating torso involvement.','https://www.youtube.com/embed/tciCEtwnGuc');
INSERT INTO exercises ( exercise_id , exercise_name , motion , level , mechanic , related_equip_id , muscle_group , body , video_link ) VALUES ('Push_Press','Push Press','push','expert','compound',8,'shoulders','Push Press is a compound overhead pressing movement that combines lowerbody drive with upperbody pressing to build explosive shoulder and triceps strength. Start with feet hipwidth apart under a barbell racked at shoulder height, hands just outside shoulderwidth. Engage the core and dip by bending the knees approximately 1015% of standing height, keeping the torso upright and elbows slightly forward. Explode upward by extending the hips and knees, driving the barbell off the shoulders, then immediately press through the arms to lock out overhead. Keep the bar path vertical and core braced to prevent excessive lumbar arching. At lockout, fully extend the elbows with wrists stacked over the midfoot. Lower the bar under control to the shoulders, absorb with a slight knee bend, then reset for the next rep. Perform 35 sets of 58 reps, focusing on synchronized leg drive and arm press. Variations include singlearm push presses or push jerks for advanced power training. Push Press increases overhead power, enhances shoulder stability, and allows heavier loads than strict pressing by leveraging leg drive.','https://www.youtube.com/embed/MDE7fgut2Zs');
INSERT INTO exercises ( exercise_id , exercise_name , motion , level , mechanic , related_equip_id , muscle_group , body , video_link ) VALUES ('Romanian_Deadlift','Romanian Deadlift','pull','intermediate','compound',8,'hamstrings','Romanian Deadlift (RDL) is a hiphinge exercise that emphasizes the posterior chainhamstrings, glutes, and spinal erectorswhile reinforcing hip extension mechanics and maintaining spinal neutrality. Begin standing with feet hipwidth apart, holding a barbell with an overhand or mixed grip at thigh level. Slightly bend the knees (soft knees), brace the core, and retract the shoulder blades. Exhale as you hinge at the hips, pushing them backward while keeping the barbell close to the legs and the back flat. Lower the barbell until you feel a stretch in the hamstrings or until the bar passes the knees, typically midshin height. Avoid rounding the back. Inhale as you drive the hips forward, squeezing the glutes to return to standing with the barbell returning to thigh level. Perform 35 sets of 612 reps with a controlled 3second eccentric and explosive concentric. Variations include singleleg RDLs for unilateral strength or using dumbbells for grip emphasis. Romanian Deadlifts build hamstring and glute strength, improve hip mobility, and transfer directly to improved deadlift and sprint performance.','https://www.youtube.com/embed/5rIqP63yWFg');
INSERT INTO exercises ( exercise_id , exercise_name , motion , level , mechanic , related_equip_id , muscle_group , body , video_link ) VALUES ('Rope_Crunch','Rope Crunch','pull','beginner','isolation',7,'abdominals','Rope Crunch isolates the rectus abdominis and obliques by combining spinal flexion with cable resistance to provide constant load throughout the movement. Kneel in front of a high pulley cable station with a rope attachment. Grasp the rope ends and position your hands by the sides of your head, elbows pointed forward. Engage the core and exhale as you curl your torso downward, flexing the spine and drawing your elbows toward your thighs. Focus on contracting the abs and tilting the pelvis posteriorly at peak contraction. Hold the crunch for one to two seconds, then inhale as you slowly return to start, resisting the pull of the cable. Keep hips stationary and avoid using hip flexors to drive the movement. Perform 34 sets of 1215 reps with a 2second eccentric and 1second concentric. Variations include standing rope crunches or kneeling into overhead rope crunches. Rope Crunches strengthen the abs under load, improve spinal flexion control, and contribute to a welldeveloped core.','https://www.youtube.com/embed/dkGwcfo9zto');
INSERT INTO exercises ( exercise_id , exercise_name , motion , level , mechanic , related_equip_id , muscle_group , body , video_link ) VALUES ('Russian_Twist','Russian Twist','pull','intermediate','compound',1,'abdominals','Russian Twist is a rotational core exercise that targets the obliques, rectus abdominis, and transverse abdominis while also engaging the hip flexors and lower back stabilizers. Sit on the floor with knees bent and feet flat or elevated for more challenge. Lean back slightly to create a Vposition with your torso and thighs, keeping the spine neutral. Hold a weight plate, medicine ball, or dumbbell with both hands at chest height. Engage the core and exhale as you rotate the torso to the right, moving the weight toward the floor beside your hip. Inhale and rotate back through center, then continue to the left. Keep the movement controlled and avoid rounding the back or using momentum. Perform 34 sets of 1624 twists (812 per side), focusing on a 1second rotation and 1second return. Variations include holding the weight overhead or performing standing cable Russian Twists. Russian Twists improve trunk rotation strength, enhance core stability, and translate to better performance in rotational sports and functional tasks.','https://www.youtube.com/embed/-BzNffL_6YE');
INSERT INTO exercises ( exercise_id , exercise_name , motion , level , mechanic , related_equip_id , muscle_group , body , video_link ) VALUES ('Seated_Cable_Rows','Seated Cable Rows','pull','beginner','compound',7,'middle back','Seated Cable Rows are a horizontalpull exercise that develops the latissimus dorsi, rhomboids, traps, and biceps while promoting scapular retraction and postural strength. Sit at a lowpulley row station with feet planted on the footplates and knees slightly bent. Grasp a Vhandle, straight bar, or rope attachment with both hands. Brace the core, retract the scapulae, and maintain a neutral spine. Exhale as you pull the handle toward your torso by driving the elbows back and squeezing the shoulder blades together. Keep the torso stableavoid leaning backwardand pause briefly at peak contraction. Inhale as you extend the arms under control to return to the start, allowing a full stretch in the lats. Perform 35 sets of 812 reps with a 2second concentric and 3second eccentric phase. Variations include singlearm cable rows or chestsupported rows for lowerback relief. Seated Cable Rows improve back thickness, posture, and upperbody pulling performance.','https://www.youtube.com/embed/UCXxvVItLoM');
INSERT INTO exercises ( exercise_id , exercise_name , motion , level , mechanic , related_equip_id , muscle_group , body , video_link ) VALUES ('Smith_Machine_Bench_Press','Smith Machine Bench Press','push','beginner','compound',2,'chest','Smith Machine Bench Press is a guided pressing variation using a barbell fixed within steel rails to ensure a consistent bar path and increased safety. Lie supine on a flat bench positioned under the Smith bar, feet planted. Grasp the bar with a shoulderwidth grip, unrack by rotating the bar hooks, and lower under control to the midchest while inhaling. Maintain scapular retraction and a slight lumbar arch to stabilize the shoulders and protect the rotator cuff. Exhale as you press the bar back to lockout without hyperextending the elbows. Keep wrists stacked and avoid lifting the hips. Perform 34 sets of 612 reps, focusing on smooth tempo (2second eccentric, 1second concentric). Adjust bench angle for incline or decline variations. Smith Machine Bench Press isolates the pectorals and triceps, reduces stabilization demands, and allows heavy pressing with minimal spotter requirement, making it ideal for controlled hypertrophy work.','https://www.youtube.com/embed/IsouKm937Ug');
