CREATE DATABASE gympages;

DROP TRIGGER IF EXISTS my_trigger;

DROP TABLE IF EXISTS friends;
DROP TABLE IF EXISTS comments;
DROP TABLE IF EXISTS posts;
DROP TABLE IF EXISTS reviews;
DROP TABLE IF EXISTS profiles;
DROP TABLE IF EXISTS gym_equipment;
DROP TABLE IF EXISTS exercises;
DROP TABLE IF EXISTS equipment;
DROP TABLE IF EXISTS users;
DROP TABLE IF EXISTS gyms;

CREATE TABLE comments (
  comment_id INT NOT NULL AUTO_INCREMENT,
  post_id INT NOT NULL,
  user_id INT NOT NULL,
  body TEXT NOT NULL,
  comment_date TIMESTAMP NULL DEFAULT CURRENT_TIMESTAMP,
  PRIMARY KEY (comment_id)
);

CREATE TABLE equipment (
  equipment_id INT NOT NULL AUTO_INCREMENT,
  equipment_name VARCHAR(255) NOT NULL,
  description TEXT,
  PRIMARY KEY (equipment_id)
);

CREATE TABLE exercises (
  exercise_id VARCHAR(255) NOT NULL,
  exercise_name VARCHAR(255) NOT NULL,
  motion VARCHAR(10) DEFAULT NULL,
  level VARCHAR(20) DEFAULT NULL,
  mechanic VARCHAR(20) DEFAULT NULL,
  related_equip_id INT DEFAULT NULL,
  muscle_group VARCHAR(50) DEFAULT NULL,
  body TEXT,
  video_link VARCHAR(255) DEFAULT NULL,
  PRIMARY KEY (exercise_id),
  FOREIGN KEY (related_equip_id) REFERENCES equipment (equipment_id)
);

CREATE TABLE friends (
  user1_id INT NOT NULL,
  user2_id INT NOT NULL,
  status ENUM('pending', 'accepted', 'denied') DEFAULT 'pending',
  PRIMARY KEY (user1_id, user2_id),
  FOREIGN KEY (user1_id) REFERENCES users (user_id) ON DELETE CASCADE,
  FOREIGN KEY (user2_id) REFERENCES users (user_id) ON DELETE CASCADE
);

CREATE TABLE gym_equipment (
  gym_id VARCHAR(255) NOT NULL,
  equipment_id INT NOT NULL,
  PRIMARY KEY (gym_id, equipment_id),
  FOREIGN KEY (gym_id) REFERENCES gyms (gym_id) ON DELETE CASCADE,
  FOREIGN KEY (equipment_id) REFERENCES equipment (equipment_id) ON DELETE CASCADE
);

CREATE TABLE gyms (
  gym_id VARCHAR(255) NOT NULL,
  gym_name VARCHAR(255) NOT NULL,
  location POINT NOT NULL,
  street_address VARCHAR(255) NOT NULL,
  city VARCHAR(255) NOT NULL,
  zip INT NOT NULL,
  state VARCHAR(2) NOT NULL,
  phone_number VARCHAR(14) DEFAULT NULL,
  PRIMARY KEY (gym_id)
);

CREATE TABLE posts (
  post_id INT NOT NULL AUTO_INCREMENT,
  gym_id VARCHAR(255) NOT NULL,
  user_id INT NOT NULL,
  body TEXT NOT NULL,
  photo_ref VARCHAR(255) DEFAULT NULL,
  likes INT NOT NULL DEFAULT 0,
  post_date TIMESTAMP NULL DEFAULT CURRENT_TIMESTAMP,
  PRIMARY KEY (post_id),
  FOREIGN KEY (gym_id) REFERENCES gyms (gym_id) ON DELETE CASCADE,
  FOREIGN KEY (user_id) REFERENCES users (user_id) ON DELETE CASCADE
);

CREATE TABLE profiles (
  user_id INT NOT NULL,
  visibility ENUM('public', 'private') DEFAULT 'public',
  max_bench INT DEFAULT NULL,
  max_squat INT DEFAULT NULL,
  max_dead INT DEFAULT NULL,
  PRIMARY KEY (user_id),
  FOREIGN KEY (user_id) REFERENCES users (user_id) ON DELETE CASCADE
);

CREATE TABLE reviews (
  review_id INT NOT NULL AUTO_INCREMENT,
  gym_id VARCHAR(255) NOT NULL,
  user_id INT NOT NULL,
  rating INT NOT NULL,
  body TEXT,
  photo_ref VARCHAR(255) DEFAULT NULL,
  review_date TIMESTAMP NULL DEFAULT CURRENT_TIMESTAMP,
  PRIMARY KEY (review_id),
  FOREIGN KEY (gym_id) REFERENCES gyms (gym_id) ON DELETE CASCADE,
  FOREIGN KEY (user_id) REFERENCES users (user_id) ON DELETE CASCADE,
  CHECK (rating BETWEEN 1 AND 5)
);

CREATE TABLE users (
  user_id INT NOT NULL AUTO_INCREMENT,
  email VARCHAR(255) NOT NULL UNIQUE,
  firstname VARCHAR(255) NOT NULL,
  lastname VARCHAR(255) NOT NULL,
  username VARCHAR(255) NOT NULL UNIQUE,
  pass_hash VARCHAR(255) NOT NULL,
  gym_member VARCHAR(255) DEFAULT NULL,
  member_id varchar(255) NULL;
  PRIMARY KEY (user_id),
  FOREIGN KEY (gym_member) REFERENCES gyms (gym_id) ON DELETE SET NULL
);

DELIMITER //

CREATE TRIGGER my_trigger
AFTER INSERT ON users
FOR EACH ROW
BEGIN
  -- semicolons inside the body are fine now
  INSERT INTO profiles (user_id) VALUES (NEW.user_id);
END;
//

DELIMITER ;

-- gym information queries
INSERT INTO gyms (gym_id, gym_name, location, street_address, city, zip, state, phone_number) VALUES ('2qDUnhRCLkYab9y-1NfdmQ', 'Ultimate Gym', ST_GeomFromText('POINT(40.74819 -73.50498)'), '67 Bloomingdale Rd', 'Hicksville', 11801, 'NY', '(516) 513-0139');
INSERT INTO gyms (gym_id, gym_name, location, street_address, city, zip, state, phone_number) VALUES ('tnK2OlNVuRgN-Nwf4yMkzg', 'Blink Fitness', ST_GeomFromText('POINT(40.773126 -73.531514)'), '358 N Broadway Mall', 'Hicksville', 11801, 'NY', '(516) 595-8431');
INSERT INTO gyms (gym_id, gym_name, location, street_address, city, zip, state, phone_number) VALUES ('Vc8zN7vXpmmnfw8nTm0FoQ', 'Sparta Gym', ST_GeomFromText('POINT(40.75542142770241 -73.5824513)'), '463 Union Ave', 'Westbury', 11590, 'NY', '(516) 279-4055');
INSERT INTO gyms (gym_id, gym_name, location, street_address, city, zip, state, phone_number) VALUES ('4uoQVZ4Q6CO-aVI0TzCl6Q', 'Life Time', ST_GeomFromText('POINT(40.79576 -73.51729)'), '350 Robbins Ln', 'Syosset', 11791, 'NY', '(516) 822-1777');
INSERT INTO gyms (gym_id, gym_name, location, street_address, city, zip, state, phone_number) VALUES ('Or3cP2kT5Mh205TohHknzQ', 'Clubfit247', ST_GeomFromText('POINT(40.77902 -73.56063)'), '99 Jericho Tpke', 'Jericho', 11590, 'NY', '(516) 307-8100');
INSERT INTO gyms (gym_id, gym_name, location, street_address, city, zip, state, phone_number) VALUES ('g4Y5pz_6d4YgpnciQH4_EQ', 'Equinox', ST_GeomFromText('POINT(40.81141 -73.48911)'), '7550 Jericho Tpke', 'Woodbury', 11797, 'NY', '(516) 714-8100');
INSERT INTO gyms (gym_id, gym_name, location, street_address, city, zip, state, phone_number) VALUES ('1eDc1V0xp1nSoq2eui_ESQ', 'LA Fitness', ST_GeomFromText('POINT(40.7282852896798 -73.50139778528494)'), '3601C Hempstead Tpke', 'Levittown', 11756, 'NY', '(516) 342-8135');
INSERT INTO gyms (gym_id, gym_name, location, street_address, city, zip, state, phone_number) VALUES ('x-IqFJKPoyW4INAJHf70iA', 'Crunch Fitness', ST_GeomFromText('POINT(40.72520589243897 -73.54258534127334)'), '2501 Hempstead Turnpike', 'East Meadow', 11554, 'NY', '(516) 495-4430');
INSERT INTO gyms (gym_id, gym_name, location, street_address, city, zip, state, phone_number) VALUES ('XXBmsClHhwHATBZkKVoK1w', 'DCS Fitness', ST_GeomFromText('POINT(40.76945 -73.5222)'), '81 E Barclay St', 'Hicksville', 11801, 'NY', '(516) 353-7407');
INSERT INTO gyms (gym_id, gym_name, location, street_address, city, zip, state, phone_number) VALUES ('CPpiET0ozLyuG1Hg5pa17w', 'Planet Fitness', ST_GeomFromText('POINT(40.74216935984451 -73.49718388823909)'), '1040 S Broadway', 'Hicksville', 11801, 'NY', '(516) 861-2109');
INSERT INTO gyms (gym_id, gym_name, location, street_address, city, zip, state, phone_number) VALUES ('2mtvooUikAqce7XEXXhWew', 'HOTWORX Bethpage NY', ST_GeomFromText('POINT(40.7420438 -73.496872)'), '635 Hicksville Rd', 'Bethpage', 11714, 'NY', '(516) 300-1339');
INSERT INTO gyms (gym_id, gym_name, location, street_address, city, zip, state, phone_number) VALUES ('hIeg7TgV8Z4BxsD3sJ_ldQ', 'F45 Training Plainview NY', ST_GeomFromText('POINT(40.775912 -73.46487)'), '1161 Old Country Rd', 'Plainview', 11803, 'NY', '(516) 938-1026');
INSERT INTO gyms (gym_id, gym_name, location, street_address, city, zip, state, phone_number) VALUES ('Vy2N3YKGp3FJcaosROwjvw', 'New York Sports Club', ST_GeomFromText('POINT(40.72749 -73.6344855)'), '833 Franklin Ave', 'Garden City', 11530, 'NY', '(516) 741-1500');
INSERT INTO gyms (gym_id, gym_name, location, street_address, city, zip, state, phone_number) VALUES ('HKQHujRFHIPCJCpS0igKJg', 'Life Time', ST_GeomFromText('POINT(40.73919 -73.60457)'), '750 Zeckendorf Blvd', 'Garden City', 11530, 'NY', '(516) 580-7100');
INSERT INTO gyms (gym_id, gym_name, location, street_address, city, zip, state, phone_number) VALUES ('Iyu9QuIjmzISc5zMcgXQ1w', 'Training for Warriors', ST_GeomFromText('POINT(40.74819 -73.50498)'), '67 Bloomingdale Rd', 'Hicksville', 11801, 'NY', '(516) 937-3740');
INSERT INTO gyms (gym_id, gym_name, location, street_address, city, zip, state, phone_number) VALUES ('9PIbaCDRiKrYhbGTOiQq-Q', 'Planet Fitness', ST_GeomFromText('POINT(40.82422414 -73.50096391)'), '54 Ira Rd', 'Syosset', 11791, 'NY', '(516) 588-7964');
INSERT INTO gyms (gym_id, gym_name, location, street_address, city, zip, state, phone_number) VALUES ('mTrt-7Km82ZC6DPJvZ89Ew', 'Lynch Fitness', ST_GeomFromText('POINT(40.75374 -73.48756)'), '261 N 6th St', 'Bethpage', 11714, 'NY', '(516) 428-1496');
INSERT INTO gyms (gym_id, gym_name, location, street_address, city, zip, state, phone_number) VALUES ('PdpIIgT_5nUa8S-9BZRAsg', 'Orangetheory Fitness', ST_GeomFromText('POINT(40.7248792 -73.5502483)'), '2314A Hempstead Turnpike', 'East Meadow', 11554, 'NY', '(516) 301-5909');
INSERT INTO gyms (gym_id, gym_name, location, street_address, city, zip, state, phone_number) VALUES ('caVVSfViDMllHezmMDUR5w', 'Push Fitness Club', ST_GeomFromText('POINT(40.77088 -73.42117)'), '515 Broadhollow Rd', 'Melville', 11747, 'NY', '(516) 269-7874');
INSERT INTO gyms (gym_id, gym_name, location, street_address, city, zip, state, phone_number) VALUES ('JHShyvYQ0f2vTF-dDGV0vw', 'United Barbell', ST_GeomFromText('POINT(40.7324419 -73.4243977)'), '96 Gazza Blvd', 'Farmingdale', 11735, 'NY', '(516) 459-9582');
INSERT INTO gyms (gym_id, gym_name, location, street_address, city, zip, state, phone_number) VALUES ('tP6u9sVxkdHT7bwLUCpepA', 'North Shore Fitness', ST_GeomFromText('POINT(40.724091 -73.5644067)'), '1940 Hempstead Tpke', 'East Meadow', 11554, 'NY', '(516) 832-8444');
INSERT INTO gyms (gym_id, gym_name, location, street_address, city, zip, state, phone_number) VALUES ('HdMry59BVauxdCeLYxE57g', 'SC Crossfit 165', ST_GeomFromText('POINT(40.7455711 -73.5000916)'), '942 S Broadway', 'Hicksville', 11801, 'NY', '(516) 933-0165');
INSERT INTO gyms (gym_id, gym_name, location, street_address, city, zip, state, phone_number) VALUES ('268lj7nUehEhHKrp9wrJcg', 'Be1st Fitness', ST_GeomFromText('POINT(40.7573577 -73.560523)'), '75 D Rushmore St', 'Westbury', 11590, 'NY', '(516) 647-5120');
INSERT INTO gyms (gym_id, gym_name, location, street_address, city, zip, state, phone_number) VALUES ('BcZKsIVhlg_KXQujLE3Kog', 'Planet Fitness', ST_GeomFromText('POINT(40.725556872683285 -73.523745)'), '3025 Hempstead Tpke', 'Levittown', 11756, 'NY', '(516) 605-1270');
INSERT INTO gyms (gym_id, gym_name, location, street_address, city, zip, state, phone_number) VALUES ('sI1IaYR3LQr8tWLUykw9aw', 'Omni Fitness Center', ST_GeomFromText('POINT(40.7255364 -73.5940556)'), '333 Earle Ovington Blvd', 'Uniondale', 11553, 'NY', '(516) 307-8088');
INSERT INTO gyms (gym_id, gym_name, location, street_address, city, zip, state, phone_number) VALUES ('_IR-_3-6d0DVIGs_Y1eDMQ', 'Planet Fitness', ST_GeomFromText('POINT(40.7445854 -73.6144877)'), '177A Old Country Rd', 'Carle Place', 11514, 'NY', '(516) 741-4320');
INSERT INTO gyms (gym_id, gym_name, location, street_address, city, zip, state, phone_number) VALUES ('WWBIC39Wo8_Z07r8Pqw5UQ', 'Peak 180', ST_GeomFromText('POINT(40.8042373657227 -73.5160293579102)'), '180 Michael Dr', 'Syosset', 11791, 'NY', '(516) 364-7325');
INSERT INTO gyms (gym_id, gym_name, location, street_address, city, zip, state, phone_number) VALUES ('CqXzhN0eQ0fOnhQfDsj_xg', 'My Pilates Studio', ST_GeomFromText('POINT(40.775411 -73.464835)'), '1163 Old Country Rd', 'Plainview', 11803, 'NY', '(516) 238-8308');
INSERT INTO gyms (gym_id, gym_name, location, street_address, city, zip, state, phone_number) VALUES ('XmYoi9vCCWwg46loiCntGQ', 'YMCA at', ST_GeomFromText('POINT(40.881118 -73.632434)'), '125 Dosoris Ln', 'Glen Cove', 11542, 'NY', '(516) 671-8270');
INSERT INTO gyms (gym_id, gym_name, location, street_address, city, zip, state, phone_number) VALUES ('W4hSqLrKyVgq_iwT3lRSug', 'LA Fitness', ST_GeomFromText('POINT(40.7335396 -73.6079712)'), '711 Stewart Ave', 'Garden City', 11530, 'NY', '(516) 214-9691');
INSERT INTO gyms (gym_id, gym_name, location, street_address, city, zip, state, phone_number) VALUES ('hIJ1ynOaUiIpnEeh7OzkcA', 'Push Fitness Club', ST_GeomFromText('POINT(40.73126 -73.6933899)'), '15 Jericho Turnpike', 'New Hyde Park', 11040, 'NY', '(516) 325-1682');
INSERT INTO gyms (gym_id, gym_name, location, street_address, city, zip, state, phone_number) VALUES ('k8hHsIU_3UDimYQ5aOtVpQ', 'Crunch Fitness', ST_GeomFromText('POINT(40.6688849569914 -73.531322)'), '2212 Centre Ave', 'Bellmore', 11710, 'NY', '(516) 221-4000');
INSERT INTO gyms (gym_id, gym_name, location, street_address, city, zip, state, phone_number) VALUES ('jiy1Ye6dWg_G6Q1P0Krsuw', 'Sid Jacobson JCC', ST_GeomFromText('POINT(40.8050284 -73.6379839)'), '300 Forest Dr', 'East Hills', 11548, 'NY', '(516) 484-1545');
INSERT INTO gyms (gym_id, gym_name, location, street_address, city, zip, state, phone_number) VALUES ('kfCetrj6-bMX-8yTxJGJmA', 'Protection Fitness', ST_GeomFromText('POINT(40.765648 -73.522781)'), '21 W Nicholai St', 'Hicksville', 11801, 'NY', '(516) 670-5728');
INSERT INTO gyms (gym_id, gym_name, location, street_address, city, zip, state, phone_number) VALUES ('K6B5VVODkSSPZYWIbieukg', 'UFC GYM Long Island', ST_GeomFromText('POINT(40.735812 -73.673633)'), '2020 Jericho Tpke', 'New Hyde Park', 11040, 'NY', '(516) 784-4072');
INSERT INTO gyms (gym_id, gym_name, location, street_address, city, zip, state, phone_number) VALUES ('ihhoJaH4FF3hGKNI3cJS6Q', 'Stronghold', ST_GeomFromText('POINT(40.7053638214866 -73.6541998438496)'), '400 Hempstead Tpke', 'West Hempstead', 11552, 'NY', '(516) 242-6782');
INSERT INTO gyms (gym_id, gym_name, location, street_address, city, zip, state, phone_number) VALUES ('bcxPOQifAXjarDnFflRdGw', 'New York Sports Club', ST_GeomFromText('POINT(40.6404919 -73.6415253)'), '2909 Lincoln Ave', 'Oceanside', 11572, 'NY', '(516) 594-8300');
INSERT INTO gyms (gym_id, gym_name, location, street_address, city, zip, state, phone_number) VALUES ('7YSUwjblCYN_dlwA8MunYg', 'Retro Fitness', ST_GeomFromText('POINT(40.65602 -73.5876)'), '131 W. Sunrise Hwy', 'Freeport', 11520, 'NY', '(516) 415-7953');
INSERT INTO gyms (gym_id, gym_name, location, street_address, city, zip, state, phone_number) VALUES ('rshqia0sMFbJtyNLK8Z5EQ', 'ONYX Fitness', ST_GeomFromText('POINT(40.672298 -73.527348)'), '2060 Bellmore Ave', 'Bellmore', 11710, 'NY', '(516) 221-1800');
INSERT INTO gyms (gym_id, gym_name, location, street_address, city, zip, state, phone_number) VALUES ('Kk5wO7-eF8cAQeNawwN_wA', 'Fitness on Main St', ST_GeomFromText('POINT(40.73198625508184 -73.44583601164)'), '320 Main St', 'Farmingdale', 11735, 'NY', '(516) 612-9476');
INSERT INTO gyms (gym_id, gym_name, location, street_address, city, zip, state, phone_number) VALUES ('bFtwbbJfb1reUootTTu1fw', 'LA Fitness', ST_GeomFromText('POINT(40.74850933417125 -73.42399969420423)'), '2110 Route 110 Broad Hollow Rd', 'Farmingdale', 11735, 'NY', '(631) 293-4263');
INSERT INTO gyms (gym_id, gym_name, location, street_address, city, zip, state, phone_number) VALUES ('jxfcLovdBv7B4ImelWwgdw', 'LA Fitness', ST_GeomFromText('POINT(40.754755 -73.700033)'), '1111 Marcus Ave', 'New Hyde Park', 11042, 'NY', '(516) 355-2302');

-- gym reviews from yelp queries
INSERT INTO reviews (gym_id, user_id, rating, body, review_date) VALUES ('2qDUnhRCLkYab9y-1NfdmQ', -1, 5, 'Most amazing hardcore gym on Long Island.  Was founded when Arnold was young.  Oldest independent gym on Long Island !!!    Obviously for a reason.', '2025-02-08 14:10:56');
INSERT INTO reviews (gym_id, user_id, rating, body, review_date) VALUES ('2qDUnhRCLkYab9y-1NfdmQ', -1, 5, 'Ultimate Gym is the best gym I have ever belonged to. Members are like family, as well as staff and the gym owners. Amazing people, very respectful.', '2020-02-22 06:59:16');
INSERT INTO reviews (gym_id, user_id, rating, body, review_date) VALUES ('2qDUnhRCLkYab9y-1NfdmQ', -1, 5, 'This gym is phenomenal, especially the TFW program. Brian is the best... the program is fun, challenging, and gives you the best results on your body I have...', '2019-03-02 06:27:56');
INSERT INTO reviews (gym_id, user_id, rating, body, review_date) VALUES ('tnK2OlNVuRgN-Nwf4yMkzg', -1, 5, 'Out of all the Blink Fitness locations I''ve been in, this is the most well maintained one I''ve seen. My time here was mostly pleasant. The gym isn''t super...', '2024-11-02 16:54:28');
INSERT INTO reviews (gym_id, user_id, rating, body, review_date) VALUES ('tnK2OlNVuRgN-Nwf4yMkzg', -1, 1, 'This is how every toilet in Blink fitness looks like!!! Been ages they NOT even afford to fix their toilet paper holder!!! Or the worker just lazy put it...', '2024-06-05 09:11:15');
INSERT INTO reviews (gym_id, user_id, rating, body, review_date) VALUES ('tnK2OlNVuRgN-Nwf4yMkzg', -1, 4, 'Good gym and excellent value.  Since there is no contact us section on the website i''ll give my feedback to mgmt here. You have to do something about the...', '2025-01-19 12:09:27');
INSERT INTO reviews (gym_id, user_id, rating, body, review_date) VALUES ('Vc8zN7vXpmmnfw8nTm0FoQ', -1, 5, 'I came to this gym after working out at Crunch and Blink for a couple of years and I was not disapointed. I was sick of waiting for machines, feeling...', '2023-10-02 14:47:17');
INSERT INTO reviews (gym_id, user_id, rating, body, review_date) VALUES ('Vc8zN7vXpmmnfw8nTm0FoQ', -1, 5, 'Place is absolutely sick - especially for weightlifting/bodybuilding. They have every type of machine you could think of, and some really nice ones that you...', '2023-10-11 07:52:39');
INSERT INTO reviews (gym_id, user_id, rating, body, review_date) VALUES ('Vc8zN7vXpmmnfw8nTm0FoQ', -1, 5, 'I LOVE SPARTA!!! Best gym in long island. They have every piece of workout equipment you could ask for. Staff is SO friendly. Very easy to get the machines...', '2021-12-01 07:19:12');
INSERT INTO reviews (gym_id, user_id, rating, body, review_date) VALUES ('4uoQVZ4Q6CO-aVI0TzCl6Q', -1, 5, 'kudos to Lifetime in  Syosset! This health club is always immaculate, the availability of all the equipment is superb, the staff is extremely helpful ,...', '2025-01-06 13:47:56');
INSERT INTO reviews (gym_id, user_id, rating, body, review_date) VALUES ('4uoQVZ4Q6CO-aVI0TzCl6Q', -1, 1, 'In spite of the club being over crowded my family has been a member since last 5 years, however absolutely shocked at the way they correspond or communicate...', '2024-11-22 06:35:16');
INSERT INTO reviews (gym_id, user_id, rating, body, review_date) VALUES ('4uoQVZ4Q6CO-aVI0TzCl6Q', -1, 5, 'Great staff and place is always clean. It''s the Ritz of gyms. Hanna at front desk is extremely nice. Entire team is respectful and courteous.', '2025-02-27 15:04:19');
INSERT INTO reviews (gym_id, user_id, rating, body, review_date) VALUES ('Or3cP2kT5Mh205TohHknzQ', -1, 5, 'ClubFit is a wonderful place in which to engage in the path towards improving your body and health. The gym is always clean, well lit and staffed by...', '2023-11-05 17:54:06');
INSERT INTO reviews (gym_id, user_id, rating, body, review_date) VALUES ('Or3cP2kT5Mh205TohHknzQ', -1, 5, 'This gym changed my life.  I am familiar with many gyms in the area extending throughout Manhattan, BK, Queens, Nassau, and Suffolk; this gym far exceeds...', '2023-07-02 00:54:14');
INSERT INTO reviews (gym_id, user_id, rating, body, review_date) VALUES ('Or3cP2kT5Mh205TohHknzQ', -1, 5, 'this is a great 24/7 gym, if you''re someone like me that has a busy schedule and need a quick workout on the go. staff is extremely friendly and constantly...', '2021-11-25 20:36:06');
INSERT INTO reviews (gym_id, user_id, rating, body, review_date) VALUES ('g4Y5pz_6d4YgpnciQH4_EQ', -1, 4, 'Machines are old,otherwise the gym is very clean and the people are very nice and helpful', '2023-04-10 08:43:49');
INSERT INTO reviews (gym_id, user_id, rating, body, review_date) VALUES ('g4Y5pz_6d4YgpnciQH4_EQ', -1, 5, 'I made the plunge and joined Equinox a few weeks ago. After coming here for a few Yelp Events, and being that it''s close to home, it made my decision an...', '2018-12-09 07:50:04');
INSERT INTO reviews (gym_id, user_id, rating, body, review_date) VALUES ('g4Y5pz_6d4YgpnciQH4_EQ', -1, 1, 'Beautiful, clean, pricey upbeat place. Why you ask am i giving a 1 because I went to tour, discuss pricing and a membership and the guy at the counter...', '2021-06-17 12:48:47');
INSERT INTO reviews (gym_id, user_id, rating, body, review_date) VALUES ('1eDc1V0xp1nSoq2eui_ESQ', -1, 2, 'Soooo Unsanitary. Seeing so many related reviews I can''t believe they haven''t tried to take care of this or that corporate hasn''t gotten involved. There are...', '2018-04-15 14:16:00');
INSERT INTO reviews (gym_id, user_id, rating, body, review_date) VALUES ('1eDc1V0xp1nSoq2eui_ESQ', -1, 1, 'This gym sucks I wanted to give zero stars. 10 treadmills in 2 rows 3 work. Machines with no tops on them. You get charged a maintenance fee when NOTHING is...', '2022-09-04 08:50:49');
INSERT INTO reviews (gym_id, user_id, rating, body, review_date) VALUES ('1eDc1V0xp1nSoq2eui_ESQ', -1, 1, 'I joined to use the pool. First the pool was shut several times for extended periods to repair leaks, broken lines, broken heater, and a broken filter....', '2024-02-02 07:08:02');
INSERT INTO reviews (gym_id, user_id, rating, body, review_date) VALUES ('x-IqFJKPoyW4INAJHf70iA', -1, 5, 'If you are looking for a good place to start training and getting back in shape... this is the spot i go but my brother and Mom prefer Bellmore site.  I...', '2025-02-18 17:21:00');
INSERT INTO reviews (gym_id, user_id, rating, body, review_date) VALUES ('x-IqFJKPoyW4INAJHf70iA', -1, 2, 'This gym is just too crowded no matter when you go even at 5 am or earlier. A couple of the morning members "take over" multiple machines for an hour as...', '2025-04-11 03:11:50');
INSERT INTO reviews (gym_id, user_id, rating, body, review_date) VALUES ('x-IqFJKPoyW4INAJHf70iA', -1, 1, 'It''s disheartening when a manager /owner Jean(Shawn) calls you to say that because of my review on Yelp about his gym(Crunch) I was not allowed to go to his...', '2025-01-22 12:49:00');
INSERT INTO reviews (gym_id, user_id, rating, body, review_date) VALUES ('XXBmsClHhwHATBZkKVoK1w', -1, 5, 'I found this place looking to train for the Spartan run. If you think you ended up at the wrong place, don''t be surprised. The building is located in a...', '2016-02-13 16:07:15');
INSERT INTO reviews (gym_id, user_id, rating, body, review_date) VALUES ('CPpiET0ozLyuG1Hg5pa17w', -1, 5, 'My husband & I belong to PF in Medford,NY. The staff is extremely friendly and helpful and the cleanliness is above & beyond. They are forever cleaning in...', '2025-04-03 07:25:55');
INSERT INTO reviews (gym_id, user_id, rating, body, review_date) VALUES ('CPpiET0ozLyuG1Hg5pa17w', -1, 4, 'This is a huge planet fitness location. The place is clean and conducive for personal exercise programs. I love using their elliptical machines. The parking...', '2024-10-24 19:33:24');
INSERT INTO reviews (gym_id, user_id, rating, body, review_date) VALUES ('CPpiET0ozLyuG1Hg5pa17w', -1, 2, 'After Covid mask mandate forced me to quit Planet Fitness in Hicksville 2 years ago (not going to run on a treadmill wearing a mask) I rejoined first week...', '2023-02-19 10:34:49');
INSERT INTO reviews (gym_id, user_id, rating, body, review_date) VALUES ('2mtvooUikAqce7XEXXhWew', -1, 5, 'I thought I would detest this place seeing as I hate the heat. But after cashing in on my first free class I was sold! The saunas are clean and you can...', '2025-01-02 08:37:47');
INSERT INTO reviews (gym_id, user_id, rating, body, review_date) VALUES ('2mtvooUikAqce7XEXXhWew', -1, 5, 'Very cool concept I love the layout and the classes - staff is super nice; can''t wait to sign up!', '2025-01-16 22:01:00');
INSERT INTO reviews (gym_id, user_id, rating, body, review_date) VALUES ('2mtvooUikAqce7XEXXhWew', -1, 5, 'Came here for my free workout and this place is AMAZING. They have a bunch of different infrared saunas with workout classes on the tv inside. You can...', '2023-03-20 16:55:56');
INSERT INTO reviews (gym_id, user_id, rating, body, review_date) VALUES ('hIeg7TgV8Z4BxsD3sJ_ldQ', -1, 5, 'COACH CHANDO: 1) OBSERVANT - In the 2 days (90 minutes combined) I had visited the training center, he seemed to know everything about me just by the way I...', '2021-05-29 08:01:11');
INSERT INTO reviews (gym_id, user_id, rating, body, review_date) VALUES ('hIeg7TgV8Z4BxsD3sJ_ldQ', -1, 5, 'Super friendly from the moment I walked in. I definitely feel I could reach my goal if I attended three times a week. I went on a strength day. I enjoy my self.', '2020-02-26 05:17:46');
INSERT INTO reviews (gym_id, user_id, rating, body, review_date) VALUES ('Vy2N3YKGp3FJcaosROwjvw', -1, 1, 'I went to Stretchlab in Roslyn and they were very insistent on me signing up with them. I signed up and unfortunately was unable to use them because of an...', '2024-05-25 09:03:16');
INSERT INTO reviews (gym_id, user_id, rating, body, review_date) VALUES ('Vy2N3YKGp3FJcaosROwjvw', -1, 1, 'After 16 years, I finally canceled my membership. The new manager with the Napoleon complex who is unable to communicate with staff & members broke the...', '2023-12-01 05:41:02');
INSERT INTO reviews (gym_id, user_id, rating, body, review_date) VALUES ('Vy2N3YKGp3FJcaosROwjvw', -1, 1, 'If you''ve read the other reviews you already know the gym is FILTHY.  The machines are old and rusting. Anything you have that you put down for a second...', '2023-05-30 09:11:54');
INSERT INTO reviews (gym_id, user_id, rating, body, review_date) VALUES ('HKQHujRFHIPCJCpS0igKJg', -1, 5, 'I noticed it was very clean when I walked in. I came for my nieces birthday party and liked how clean and spacious is it. I came with my sister before the...', '2024-12-23 03:13:46');
INSERT INTO reviews (gym_id, user_id, rating, body, review_date) VALUES ('HKQHujRFHIPCJCpS0igKJg', -1, 3, 'im going to increase this a bit due to things Ive noticed. The personal trainers leave you alone unless you need help or have a question. They dont run up...', '2024-08-12 11:40:15');
INSERT INTO reviews (gym_id, user_id, rating, body, review_date) VALUES ('HKQHujRFHIPCJCpS0igKJg', -1, 1, 'My family has been members of Lifetime for the past 12 years. On 6/8/24 at 10:30am, a team member at the front desk was blatantly rude and unprofessional....', '2024-06-09 12:47:56');
INSERT INTO reviews (gym_id, user_id, rating, body, review_date) VALUES ('Iyu9QuIjmzISc5zMcgXQ1w', -1, 5, 'There are a handful of times in life when something comes your way that changes your life. Walking into TFW 8 weeks back is one of those instances for me. I...', '2018-03-11 08:25:45');
INSERT INTO reviews (gym_id, user_id, rating, body, review_date) VALUES ('Iyu9QuIjmzISc5zMcgXQ1w', -1, 5, 'I''m a 50 yr old woman who has never stepped foot in any gym. I recently lost weight and wanted to workout and get fit.  My husband told me to come to...', '2016-12-15 18:30:09');
INSERT INTO reviews (gym_id, user_id, rating, body, review_date) VALUES ('Iyu9QuIjmzISc5zMcgXQ1w', -1, 5, 'The coaches at TFW Hicksville are amazing and so is everyone that workouts there.  It is a judgement free zone.  Everyone motivates each other to achieve...', '2016-09-26 09:07:24');
INSERT INTO reviews (gym_id, user_id, rating, body, review_date) VALUES ('9PIbaCDRiKrYhbGTOiQq-Q', -1, 5, 'Love it here. No one bothers you or gets in your space. Love the hydro massage after workout.', '2024-05-25 14:03:13');
INSERT INTO reviews (gym_id, user_id, rating, body, review_date) VALUES ('9PIbaCDRiKrYhbGTOiQq-Q', -1, 5, 'Very clean and well-equipped gym.  They don''t have Olympic benches and squat racks but there are Smith machines dumbbells/barbells up to 75 lbs.  People of...', '2023-08-20 04:34:17');
INSERT INTO reviews (gym_id, user_id, rating, body, review_date) VALUES ('mTrt-7Km82ZC6DPJvZ89Ew', -1, 5, 'Mike is as good as it gets when it comes to fitness and nutrition. He is one of the most knowledgeable fitness experts i''ve come across, and makes...', '2016-04-15 15:17:21');
INSERT INTO reviews (gym_id, user_id, rating, body, review_date) VALUES ('mTrt-7Km82ZC6DPJvZ89Ew', -1, 5, 'Met with Mike two weeks ago for some nutritional counseling and he was really so nice, fun, and easy to talk to. Pre-counseling he was easy to get in...', '2018-05-18 20:11:38');
INSERT INTO reviews (gym_id, user_id, rating, body, review_date) VALUES ('mTrt-7Km82ZC6DPJvZ89Ew', -1, 5, 'To call Mike a ''trainer'' does him a disservice.  He is a fitness and nutrition expert.  You will be hard-pressed to find a person more knowledgeable about...', '2016-04-28 13:40:02');
INSERT INTO reviews (gym_id, user_id, rating, body, review_date) VALUES ('PdpIIgT_5nUa8S-9BZRAsg', -1, 5, 'Love this location. Studio is on the smaller side, great for when you need help in the weight room. Good amount of personal space on the treadmill &...', '2024-11-10 10:18:43');
INSERT INTO reviews (gym_id, user_id, rating, body, review_date) VALUES ('PdpIIgT_5nUa8S-9BZRAsg', -1, 1, 'It has been several years since I first attended Orange Theory and I still have issues with my shoulder from lifting weights with bad form. No one is able...', '2023-02-23 08:32:35');
INSERT INTO reviews (gym_id, user_id, rating, body, review_date) VALUES ('PdpIIgT_5nUa8S-9BZRAsg', -1, 1, 'Allison is very rude and nasty. I will not be returning back to this location. The other staff members are amazing, however it''s unfortunate that one bad...', '2021-05-31 21:29:42');
INSERT INTO reviews (gym_id, user_id, rating, body, review_date) VALUES ('caVVSfViDMllHezmMDUR5w', -1, 5, 'I came in for just one day and the place was great! I signed up for a guest pass but being from out of state and just visiting the area, I suspected that...', '2024-10-02 16:57:26');
INSERT INTO reviews (gym_id, user_id, rating, body, review_date) VALUES ('caVVSfViDMllHezmMDUR5w', -1, 5, 'Very clean gym and a lovely staff. Everyone is so nice and welcoming ! Chris is the first one i met . He signed me up and told me he liked my energy!  Matt...', '2024-12-20 10:58:05');
INSERT INTO reviews (gym_id, user_id, rating, body, review_date) VALUES ('caVVSfViDMllHezmMDUR5w', -1, 1, 'Smelly hot humid gym. Petri dish when weather gets warmer. Disgusting and insensitive management to member needs and healthy environment', '2025-03-11 17:40:01');
INSERT INTO reviews (gym_id, user_id, rating, body, review_date) VALUES ('JHShyvYQ0f2vTF-dDGV0vw', -1, 5, 'Hands down my favorite training facility when I''m on Long Island. The owners are passionate about creating a great atmosphere. The equipment is top notch,...', '2018-09-03 04:30:30');
INSERT INTO reviews (gym_id, user_id, rating, body, review_date) VALUES ('JHShyvYQ0f2vTF-dDGV0vw', -1, 5, 'I''ve come here twice now in preparation for a powerlifting meet in December. It''s a 40 minute commute for me but it is well worth it. They have competition...', '2018-11-15 14:52:53');
INSERT INTO reviews (gym_id, user_id, rating, body, review_date) VALUES ('tP6u9sVxkdHT7bwLUCpepA', -1, 4, 'Best place to buy produce.  They cashier can try to be bit friendly.', '2019-05-16 08:27:17');
INSERT INTO reviews (gym_id, user_id, rating, body, review_date) VALUES ('tP6u9sVxkdHT7bwLUCpepA', -1, 5, 'Haven''t done my shopping here yet, but I did check it out.  It''s looks good and it''s conveniently close to my home in Wantagh.  Tomorrow I''ll shop here to...', '2014-11-14 14:25:45');
INSERT INTO reviews (gym_id, user_id, rating, body, review_date) VALUES ('tP6u9sVxkdHT7bwLUCpepA', -1, 3, 'This is my regular gym. I''m relatively happy with it--it''s a bit rough around the edges. Mostly filled with meat-heads who hog the weights and crazy...', '2009-01-12 13:24:25');
INSERT INTO reviews (gym_id, user_id, rating, body, review_date) VALUES ('HdMry59BVauxdCeLYxE57g', -1, 2, 'Short temper owner who blew up over little things that didnt go his way. Had a argument about a $40 discount that was promised but never came. Thought this...', '2019-08-14 15:00:58');
INSERT INTO reviews (gym_id, user_id, rating, body, review_date) VALUES ('HdMry59BVauxdCeLYxE57g', -1, 5, 'I originally started going here via a Groupon and have stayed now for over three months. All the trainers are friendly, professional and take the time to...', '2019-10-10 06:36:46');
INSERT INTO reviews (gym_id, user_id, rating, body, review_date) VALUES ('HdMry59BVauxdCeLYxE57g', -1, 5, 'Went for my first foundations class today. It was hot, I am out of shape and haven''t been to gym in a long time. The trainer was awesomely motivational. The...', '2016-07-06 09:14:41');
INSERT INTO reviews (gym_id, user_id, rating, body, review_date) VALUES ('268lj7nUehEhHKrp9wrJcg', -1, 1, '*this review is regarding glen cove facility* I had came for a promotion they posted on Facebook, for a group class for women. I did take 2 classes,I did...', '2017-02-14 11:49:03');
INSERT INTO reviews (gym_id, user_id, rating, body, review_date) VALUES ('268lj7nUehEhHKrp9wrJcg', -1, 5, 'I''ve been with Be1st since May 2014. I''ve gained a tremendous amount of strength and confidence thanks to my expert trainers. The class members form a...', '2015-04-01 05:20:29');
INSERT INTO reviews (gym_id, user_id, rating, body, review_date) VALUES ('268lj7nUehEhHKrp9wrJcg', -1, 5, 'I joined Be1st back in February and still love it! It is the FIRST time I have ever enjoyed going to the gym and working out! Steve, Wendy and the other...', '2016-09-02 07:26:37');
INSERT INTO reviews (gym_id, user_id, rating, body, review_date) VALUES ('BcZKsIVhlg_KXQujLE3Kog', -1, 4, 'I truly like this gym. The place is well lit and clean as a gym can possibly be. A few equipments were somewhat worn down, but still works. There was an out...', '2024-03-22 18:40:31');
INSERT INTO reviews (gym_id, user_id, rating, body, review_date) VALUES ('BcZKsIVhlg_KXQujLE3Kog', -1, 1, 'If I could give 0 starts I would . I had to go 3x in person to cancel.  The first time the gentleman told me it was and that I had a month to use the...', '2024-08-19 10:30:29');
INSERT INTO reviews (gym_id, user_id, rating, body, review_date) VALUES ('BcZKsIVhlg_KXQujLE3Kog', -1, 5, 'Blows the pants off LA fitness. The employees are super friendly they ALWAYS SAY HELLO. They make it known they recognize you. They ask how your day was,...', '2022-11-08 14:19:23');
INSERT INTO reviews (gym_id, user_id, rating, body, review_date) VALUES ('sI1IaYR3LQr8tWLUykw9aw', -1, 1, 'I see the good reviews are from pre-covid timeframe. Recent reviews are extremely negative with no comments from gym management. I''ll keep looking for a...', '2024-08-05 09:26:51');
INSERT INTO reviews (gym_id, user_id, rating, body, review_date) VALUES ('sI1IaYR3LQr8tWLUykw9aw', -1, 1, 'I wouldn''t recommend this place to anyone. The workers aren''t welcoming, the bathrooms are disgusting and they pretend they are trainers, when in reality,...', '2024-04-09 19:30:32');
INSERT INTO reviews (gym_id, user_id, rating, body, review_date) VALUES ('sI1IaYR3LQr8tWLUykw9aw', -1, 2, 'For $40+ you do get a gym that''s not very crowded as advertised but that''s the only positive. The locker rooms are gross, boogers on the table and wet hair...', '2023-03-03 20:31:37');
INSERT INTO reviews (gym_id, user_id, rating, body, review_date) VALUES ('_IR-_3-6d0DVIGs_Y1eDMQ', -1, 1, 'Been coming here for several years. Most equipment is ok, older than other locations. Great Neck has newer and better equipment. I have the Black Card...', '2023-08-24 08:37:52');
INSERT INTO reviews (gym_id, user_id, rating, body, review_date) VALUES ('_IR-_3-6d0DVIGs_Y1eDMQ', -1, 1, 'Reduced amount of machines by 20%, tv''s all out of order for several weeks (its usually news programming instead of sports/cooking/entertainment), broken...', '2025-02-22 14:09:33');
INSERT INTO reviews (gym_id, user_id, rating, body, review_date) VALUES ('_IR-_3-6d0DVIGs_Y1eDMQ', -1, 4, 'I have been coming to this gym for a while. I''ve seen staff come and go but the latest manager they have has been a great addition to this gym on the...', '2023-01-02 22:36:33');
INSERT INTO reviews (gym_id, user_id, rating, body, review_date) VALUES ('WWBIC39Wo8_Z07r8Pqw5UQ', -1, 5, 'Short version of my review: Just do it.  Peak180 has truly captivated my heart.  Go on their site, call them, and check them out! Oh, and bring water! Work...', '2022-02-05 16:20:10');
INSERT INTO reviews (gym_id, user_id, rating, body, review_date) VALUES ('WWBIC39Wo8_Z07r8Pqw5UQ', -1, 5, 'Great gym with an even better staff. Friendly and informative ... great for beginners looking to change their life style', '2024-09-01 20:22:12');
INSERT INTO reviews (gym_id, user_id, rating, body, review_date) VALUES ('WWBIC39Wo8_Z07r8Pqw5UQ', -1, 5, 'Amazing facility & great people. I was visiting family for a week and really loved the drop-in policy and the programming. Was able to get my first double...', '2017-12-04 11:29:00');
INSERT INTO reviews (gym_id, user_id, rating, body, review_date) VALUES ('CqXzhN0eQ0fOnhQfDsj_xg', -1, 5, 'I am new to Pilates & Heather couldn''t be more incredible. She was very attentive and made me feel very welcomed to the studio as well! she gave me a few...', '2025-02-04 12:53:49');
INSERT INTO reviews (gym_id, user_id, rating, body, review_date) VALUES ('CqXzhN0eQ0fOnhQfDsj_xg', -1, 5, 'Love the instructors and the way they interact with the clients. They provide individual feedback.', '2024-09-22 12:17:47');
INSERT INTO reviews (gym_id, user_id, rating, body, review_date) VALUES ('CqXzhN0eQ0fOnhQfDsj_xg', -1, 5, 'I have been going to My Pilates Studio since 2018 and training privately with Melanie.  For someone who despises the gym I found my happy place here....', '2024-05-16 17:01:19');
INSERT INTO reviews (gym_id, user_id, rating, body, review_date) VALUES ('XmYoi9vCCWwg46loiCntGQ', -1, 5, 'This review is for the indoor pool only. I am the type of person whom Jim Gaffigan would kill. Because no matter what I get up at 5am daily and go...', '2023-09-23 06:23:30');
INSERT INTO reviews (gym_id, user_id, rating, body, review_date) VALUES ('XmYoi9vCCWwg46loiCntGQ', -1, 5, 'I cannot speak highly enough about this wonderful place! Be a member. Me and my kids enjoy family swim weekly. The place is clean, well staffed, and an...', '2023-08-05 06:28:07');
INSERT INTO reviews (gym_id, user_id, rating, body, review_date) VALUES ('XmYoi9vCCWwg46loiCntGQ', -1, 5, 'I am a big fan of YMCA Glen Cove. The staff are friendly, spacious grounds are beautiful and both indoor and outdoor facilities are very clean. The main...', '2019-11-06 06:48:27');
INSERT INTO reviews (gym_id, user_id, rating, body, review_date) VALUES ('W4hSqLrKyVgq_iwT3lRSug', -1, 4, 'It seems many people are confusing this location with the one at 630 Old Country Road, which was formally known as Xsports. This location is very clean...', '2025-01-22 10:59:00');
INSERT INTO reviews (gym_id, user_id, rating, body, review_date) VALUES ('W4hSqLrKyVgq_iwT3lRSug', -1, 4, 'I have multi-club access, which I use when I travel throughout the country on business or pleasure. What distinguishes this LA Fitness from most is that...', '2024-09-22 07:23:43');
INSERT INTO reviews (gym_id, user_id, rating, body, review_date) VALUES ('W4hSqLrKyVgq_iwT3lRSug', -1, 1, 'This gym is overcrowded most of the time. No treadmills available or some are  out of service due to them being replaced with cheaper models last year....', '2025-03-04 08:37:05');
INSERT INTO reviews (gym_id, user_id, rating, body, review_date) VALUES ('hIJ1ynOaUiIpnEeh7OzkcA', -1, 5, 'The staff members at this club are super helpful and friendly. The space is nice and clean with tons of different machines to pick and choose your exercise....', '2024-10-28 15:27:29');
INSERT INTO reviews (gym_id, user_id, rating, body, review_date) VALUES ('hIJ1ynOaUiIpnEeh7OzkcA', -1, 2, 'While the gym is conveniently located and competitively priced at $40 per month, the lack of leadership is evident. There is minimal education for new...', '2025-02-11 08:48:38');
INSERT INTO reviews (gym_id, user_id, rating, body, review_date) VALUES ('hIJ1ynOaUiIpnEeh7OzkcA', -1, 2, 'Stop blasting music like it''s a club. It''s a gym. People constantly supersetting on machines and have the nerve to say they are using something when they...', '2024-09-04 13:34:36');
INSERT INTO reviews (gym_id, user_id, rating, body, review_date) VALUES ('k8hHsIU_3UDimYQ5aOtVpQ', -1, 5, 'Clean, friendly staff, and great class trainers!! The staff is always cleaning the machine and filling up the spray bottles. Look no further if you want a...', '2020-03-14 08:59:03');
INSERT INTO reviews (gym_id, user_id, rating, body, review_date) VALUES ('k8hHsIU_3UDimYQ5aOtVpQ', -1, 1, 'Need to watch out the trainer''s program there. They lack business training to say the least, or they do it on purpose to rip you off. Here is what...', '2024-04-01 22:03:20');
INSERT INTO reviews (gym_id, user_id, rating, body, review_date) VALUES ('k8hHsIU_3UDimYQ5aOtVpQ', -1, 1, 'been a member since before covid. anyways been my go to gym and nice staff here. not sure who hired the girl at the counter. i think her name is Nicole with...', '2025-03-05 22:15:35');
INSERT INTO reviews (gym_id, user_id, rating, body, review_date) VALUES ('jiy1Ye6dWg_G6Q1P0Krsuw', -1, 5, 'The facilities are well take care of and clean. The pool and basketball court is in great conditioned and looks to me like it has been remodeled not that...', '2025-01-25 12:59:48');
INSERT INTO reviews (gym_id, user_id, rating, body, review_date) VALUES ('jiy1Ye6dWg_G6Q1P0Krsuw', -1, 5, 'Great all-round facility with gyms, ball courts, pool, fitness center plus many programs for kids, seniors, adults, memory loss seniors, etc. Well...', '2024-10-07 10:29:13');
INSERT INTO reviews (gym_id, user_id, rating, body, review_date) VALUES ('jiy1Ye6dWg_G6Q1P0Krsuw', -1, 4, 'Sid Jacobs Y Beauty and the Beast Performance February 1, 2, 8 and 9th 2020. As before for a previous performance, there was so much good stuff. The...', '2020-02-02 17:37:03');
INSERT INTO reviews (gym_id, user_id, rating, body, review_date) VALUES ('kfCetrj6-bMX-8yTxJGJmA', -1, 1, 'Stopped by on 11/09/2022 to view a class and get a feel for.  The building is closed down with no lights on.  Called instructor for more information and he...', '2022-11-10 07:28:05');
INSERT INTO reviews (gym_id, user_id, rating, body, review_date) VALUES ('kfCetrj6-bMX-8yTxJGJmA', -1, 5, 'Always a pleasure working with D and the crew. You learn the krav basics plus a lot more - classes are intense and a lot of fun. Ground skills, MMA,...', '2019-01-08 08:03:20');
INSERT INTO reviews (gym_id, user_id, rating, body, review_date) VALUES ('kfCetrj6-bMX-8yTxJGJmA', -1, 5, 'Hands down one of the best fitness communities I have joined. I waited for a month before I reviewed this place b/c I wanted to see if my initial positive...', '2016-04-22 08:10:09');
INSERT INTO reviews (gym_id, user_id, rating, body, review_date) VALUES ('K6B5VVODkSSPZYWIbieukg', -1, 1, 'Yesterday, I received the below email from UFC and was appalled. This is one of the most offensive emails I have ever received from a gym. The assumptions...', '2024-09-06 11:34:09');
INSERT INTO reviews (gym_id, user_id, rating, body, review_date) VALUES ('K6B5VVODkSSPZYWIbieukg', -1, 1, 'The ops manager has destroyed this gym. I have come here since 2017 and they just recently updated the gym. The gym''s upgrades are actually down grades in...', '2025-03-01 05:32:27');
INSERT INTO reviews (gym_id, user_id, rating, body, review_date) VALUES ('K6B5VVODkSSPZYWIbieukg', -1, 5, 'Gyms in general have been an intimidating place for me and I would only step inside one to drop my boys off for a class. However, Coach Arriale Starbird...', '2025-02-20 14:17:45');
INSERT INTO reviews (gym_id, user_id, rating, body, review_date) VALUES ('ihhoJaH4FF3hGKNI3cJS6Q', -1, 5, 'This place is incredible. Everything from the dedicated and knowledgeable staff, variety in workout programming, and well-cared for space is something to be...', '2017-11-16 10:30:26');
INSERT INTO reviews (gym_id, user_id, rating, body, review_date) VALUES ('ihhoJaH4FF3hGKNI3cJS6Q', -1, 5, 'Perfect trainer! Helps you get the results you want. Also gives you tips on healthy eating. Highly recommended!', '2017-03-08 16:20:47');
INSERT INTO reviews (gym_id, user_id, rating, body, review_date) VALUES ('ihhoJaH4FF3hGKNI3cJS6Q', -1, 5, 'Not your average gym, in the best way possible. I was a little skeptical if it would be a good fit for me. But I am so happy I gave it a chance! Love the...', '2018-04-26 07:57:43');
INSERT INTO reviews (gym_id, user_id, rating, body, review_date) VALUES ('bcxPOQifAXjarDnFflRdGw', -1, 5, 'Just Joined with the help from Tanya and Joyce. These beautiful ladies were super friendly and helpful. Great start so far. Matt P.', '2024-08-30 09:08:55');
INSERT INTO reviews (gym_id, user_id, rating, body, review_date) VALUES ('bcxPOQifAXjarDnFflRdGw', -1, 3, 'Decent gym, nothing crazy. Basic equipment/machines. One main issue I have with this place is it closed so early. 10 pm on weekdays except Friday, Fridays...', '2024-02-02 19:50:28');
INSERT INTO reviews (gym_id, user_id, rating, body, review_date) VALUES ('bcxPOQifAXjarDnFflRdGw', -1, 4, 'I''ve been a member of NYSC since 2006 and have gone to locations all over Long Island, Queens, and Manhattan. Oceanside is one of the better ones for sure....', '2022-07-06 09:25:01');
INSERT INTO reviews (gym_id, user_id, rating, body, review_date) VALUES ('7YSUwjblCYN_dlwA8MunYg', -1, 4, 'My roommate invited me to join her at Retro Fitness today and we had a great workout session. Her membership allows for a free guest anytime she wants,...', '2021-09-28 21:56:01');
INSERT INTO reviews (gym_id, user_id, rating, body, review_date) VALUES ('7YSUwjblCYN_dlwA8MunYg', -1, 3, 'The best part of this gym is it''s location. There are no amenities like the local gyms in the area and they charge you astronomical fees, including a yearly...', '2023-07-31 07:03:07');
INSERT INTO reviews (gym_id, user_id, rating, body, review_date) VALUES ('7YSUwjblCYN_dlwA8MunYg', -1, 5, 'I''m not a avid gym rat, but I do go a couple of times a week. I like to go do my thing in and out.  The gym is clean, the staff is  nice and the machines...', '2022-11-07 16:00:23');
INSERT INTO reviews (gym_id, user_id, rating, body, review_date) VALUES ('rshqia0sMFbJtyNLK8Z5EQ', -1, 1, 'This gym has really gone down hill.  It''s now always crowed with wanna be influencers setting up their video gear.  They let their "sponsored" athletes take...', '2025-02-14 15:13:52');
INSERT INTO reviews (gym_id, user_id, rating, body, review_date) VALUES ('rshqia0sMFbJtyNLK8Z5EQ', -1, 1, 'As someone who works in the fitness industry, I have to say this place is not it. I was excited to join based on how they portray themselves on social...', '2025-02-10 15:29:07');
INSERT INTO reviews (gym_id, user_id, rating, body, review_date) VALUES ('rshqia0sMFbJtyNLK8Z5EQ', -1, 1, 'Place is a joke, wish I could give it 0 stars. Owner doesn''t care about any members or anything other than money. Expect 3 price raises for every slight...', '2024-12-18 11:46:57');
INSERT INTO reviews (gym_id, user_id, rating, body, review_date) VALUES ('Kk5wO7-eF8cAQeNawwN_wA', -1, 5, 'If you are looking for a boutique feel but reasonably priced gym that truly cares and works with you individually on your goals then this is the perfect...', '2024-05-27 16:24:48');
INSERT INTO reviews (gym_id, user_id, rating, body, review_date) VALUES ('Kk5wO7-eF8cAQeNawwN_wA', -1, 5, 'I love training here! I train with Donna as often as I can and I have trained with Angie too. I have had such a positive experience here. After just a few...', '2023-09-24 14:12:53');
INSERT INTO reviews (gym_id, user_id, rating, body, review_date) VALUES ('Kk5wO7-eF8cAQeNawwN_wA', -1, 5, 'For a person who hates working out... I now go 5-6 times a week!! Amazing staff, versatile classes that change up week to week! Something for everyone ,...', '2022-01-24 17:02:42');
INSERT INTO reviews (gym_id, user_id, rating, body, review_date) VALUES ('bFtwbbJfb1reUootTTu1fw', -1, 5, 'Since my poor experience with the cleanliness  of this location. I spoke with the manager and many changes were made for the better. It is clean and I enjoy...', '2019-09-13 15:36:57');
INSERT INTO reviews (gym_id, user_id, rating, body, review_date) VALUES ('bFtwbbJfb1reUootTTu1fw', -1, 1, 'Men''s sauna has been out for weeks with no updates on when or if it will be working again. This happens frequently', '2025-03-04 09:12:59');
INSERT INTO reviews (gym_id, user_id, rating, body, review_date) VALUES ('bFtwbbJfb1reUootTTu1fw', -1, 5, 'Jerome was so helpful and welcoming, he took care of me for my week visiting. The gym is super nice and clean, definitely recommend.', '2024-08-05 10:08:47');
INSERT INTO reviews (gym_id, user_id, rating, body, review_date) VALUES ('jxfcLovdBv7B4ImelWwgdw', -1, 4, 'The place is huge and clean enough.  The customer service seems good. You can play squash or handball and use the swimming pool. There are two saunas for...', '2024-11-14 06:35:02');
INSERT INTO reviews (gym_id, user_id, rating, body, review_date) VALUES ('jxfcLovdBv7B4ImelWwgdw', -1, 1, 'Overall, I liked this gym--the location, the setup, and even the atmosphere, despite a lot of the equipment being out of order. What I enjoyed most were the...', '2025-02-09 07:50:12');
INSERT INTO reviews (gym_id, user_id, rating, body, review_date) VALUES ('jxfcLovdBv7B4ImelWwgdw', -1, 4, 'I have been an LA Fitness member since 2010. This is my 15th year and I have the National open membership allowing me access to all clubs across the US,...', '2024-03-26 09:27:36');

-- exercise information queries 
INSERT INTO exercises (exercise_id, exercise_name, motion, level, mechanic, related_equip_id, muscle_group, video_link) VALUES ('Ab_Crunch_Machine', 'Ab Crunch Machine', 'pull', 'intermediate', 'isolation', (SELECT equipment_id FROM equipment WHERE equipment_name = 'machine'), 'abdominals', 'https://www.youtube.com/embed/CNHS2OoUi30');
INSERT INTO exercises (exercise_id, exercise_name, motion, level, mechanic, related_equip_id, muscle_group, video_link) VALUES ('Ab_Roller', 'Ab Roller', 'pull', 'intermediate', 'compound', (SELECT equipment_id FROM equipment WHERE equipment_name = 'other'), 'abdominals', 'https://www.youtube.com/embed/iwyX_jOi_UQ');
INSERT INTO exercises (exercise_id, exercise_name, motion, level, mechanic, related_equip_id, muscle_group, video_link) VALUES ('Adductor', 'Adductor', 'static', 'intermediate', 'isolation', (SELECT equipment_id FROM equipment WHERE equipment_name = 'foam roll'), 'adductors', 'https://www.youtube.com/embed/ftcovjYotHk');
INSERT INTO exercises (exercise_id, exercise_name, motion, level, mechanic, related_equip_id, muscle_group, video_link) VALUES ('Air_Bike', 'Air Bike', 'pull', 'beginner', 'compound', (SELECT equipment_id FROM equipment WHERE equipment_name = 'body only'), 'abdominals', 'https://www.youtube.com/embed/1K2GIpSd8ws');
INSERT INTO exercises (exercise_id, exercise_name, motion, level, mechanic, related_equip_id, muscle_group, video_link) VALUES ('Alternate_Hammer_Curl', 'Alternate Hammer Curl', 'pull', 'beginner', 'isolation', (SELECT equipment_id FROM equipment WHERE equipment_name = 'dumbbell'), 'biceps', 'https://www.youtube.com/embed/WGTCVgCqLqM');
INSERT INTO exercises (exercise_id, exercise_name, motion, level, mechanic, related_equip_id, muscle_group, video_link) VALUES ('Alternating_Cable_Shoulder_Press', 'Alternating Cable Shoulder Press', 'push', 'beginner', 'compound', (SELECT equipment_id FROM equipment WHERE equipment_name = 'cable'), 'shoulders', 'https://www.youtube.com/embed/RoLdoKk-FkM');
INSERT INTO exercises (exercise_id, exercise_name, motion, level, mechanic, related_equip_id, muscle_group, video_link) VALUES ('Alternating_Deltoid_Raise', 'Alternating Deltoid Raise', 'push', 'beginner', 'isolation', (SELECT equipment_id FROM equipment WHERE equipment_name = 'dumbbell'), 'shoulders', 'https://www.youtube.com/embed/zg8BvNfsVek');
INSERT INTO exercises (exercise_id, exercise_name, motion, level, mechanic, related_equip_id, muscle_group, video_link) VALUES ('Alternating_Floor_Press', 'Alternating Floor Press', 'push', 'beginner', 'compound', (SELECT equipment_id FROM equipment WHERE equipment_name = 'kettlebells'), 'chest', 'https://www.youtube.com/embed/iug7nscPFuk');
INSERT INTO exercises (exercise_id, exercise_name, motion, level, mechanic, related_equip_id, muscle_group, video_link) VALUES ('Alternating_Hang_Clean', 'Alternating Hang Clean', 'pull', 'intermediate', 'compound', (SELECT equipment_id FROM equipment WHERE equipment_name = 'kettlebells'), 'hamstrings', 'https://www.youtube.com/embed/ee0hJzll6wM');
INSERT INTO exercises (exercise_id, exercise_name, motion, level, mechanic, related_equip_id, muscle_group, video_link) VALUES ('Alternating_Kettlebell_Row', 'Alternating Kettlebell Row', 'pull', 'intermediate', 'isolation', (SELECT equipment_id FROM equipment WHERE equipment_name = 'kettlebells'), 'middle back', 'https://www.youtube.com/embed/jMfH3D2hiGc');
INSERT INTO exercises (exercise_id, exercise_name, motion, level, mechanic, related_equip_id, muscle_group, video_link) VALUES ('Alternating_Renegade_Row', 'Alternating Renegade Row', 'pull', 'expert', 'compound', (SELECT equipment_id FROM equipment WHERE equipment_name = 'kettlebells'), 'middle back', 'https://www.youtube.com/embed/YUMXGLL2IKE');
INSERT INTO exercises (exercise_id, exercise_name, motion, level, mechanic, related_equip_id, muscle_group, video_link) VALUES ('Arnold_Dumbbell_Press', 'Arnold Dumbbell Press', 'push', 'intermediate', 'compound', (SELECT equipment_id FROM equipment WHERE equipment_name = 'dumbbell'), 'shoulders', 'https://www.youtube.com/embed/6Z15_WdXmVw');
INSERT INTO exercises (exercise_id, exercise_name, motion, level, mechanic, related_equip_id, muscle_group, video_link) VALUES ('Atlas_Stones', 'Atlas Stones', 'pull', 'expert', 'compound', (SELECT equipment_id FROM equipment WHERE equipment_name = 'other'), 'lower back', 'https://www.youtube.com/embed/Pi75N7fwKes');
INSERT INTO exercises (exercise_id, exercise_name, motion, level, mechanic, related_equip_id, muscle_group, video_link) VALUES ('Axle_Deadlift', 'Axle Deadlift', 'pull', 'intermediate', 'compound', (SELECT equipment_id FROM equipment WHERE equipment_name = 'other'), 'lower back', 'https://www.youtube.com/embed/eRJE8Lc3Lc4');
INSERT INTO exercises (exercise_id, exercise_name, motion, level, mechanic, related_equip_id, muscle_group, video_link) VALUES ('Ball_Leg_Curl', 'Ball Leg Curl', 'pull', 'beginner', 'isolation', (SELECT equipment_id FROM equipment WHERE equipment_name = 'exercise ball'), 'hamstrings', 'https://www.youtube.com/embed/XkESHgkTdFw');
INSERT INTO exercises (exercise_id, exercise_name, motion, level, mechanic, related_equip_id, muscle_group, video_link) VALUES ('Band_Good_Morning', 'Band Good Morning', 'pull', 'beginner', 'compound', (SELECT equipment_id FROM equipment WHERE equipment_name = 'bands'), 'hamstrings', 'https://www.youtube.com/embed/CTRaCzE8pWU');
INSERT INTO exercises (exercise_id, exercise_name, motion, level, mechanic, related_equip_id, muscle_group, video_link) VALUES ('Band_Pull_Apart', 'Band Pull Apart', 'pull', 'beginner', 'isolation', (SELECT equipment_id FROM equipment WHERE equipment_name = 'bands'), 'shoulders', 'https://www.youtube.com/embed/osRimvxXlKQ');
INSERT INTO exercises (exercise_id, exercise_name, motion, level, mechanic, related_equip_id, muscle_group, video_link) VALUES ('Band_Skull_Crusher', 'Band Skull Crusher', 'push', 'beginner', 'isolation', (SELECT equipment_id FROM equipment WHERE equipment_name = 'bands'), 'triceps', 'https://www.youtube.com/embed/xtb-gltsmMU');
INSERT INTO exercises (exercise_id, exercise_name, motion, level, mechanic, related_equip_id, muscle_group, video_link) VALUES ('Barbell_Ab_Rollout', 'Barbell Ab Rollout', 'pull', 'intermediate', 'compound', (SELECT equipment_id FROM equipment WHERE equipment_name = 'barbell'), 'abdominals', 'https://www.youtube.com/embed/3C1TRMJveXo');
INSERT INTO exercises (exercise_id, exercise_name, motion, level, mechanic, related_equip_id, muscle_group, video_link) VALUES ('Barbell_Curl', 'Barbell Curl', 'pull', 'beginner', 'isolation', (SELECT equipment_id FROM equipment WHERE equipment_name = 'barbell'), 'biceps', 'https://www.youtube.com/embed/9Q7qbqAFw9Y');
INSERT INTO exercises (exercise_id, exercise_name, motion, level, mechanic, related_equip_id, muscle_group, video_link) VALUES ('Barbell_Deadlift', 'Barbell Deadlift', 'pull', 'intermediate', 'compound', (SELECT equipment_id FROM equipment WHERE equipment_name = 'barbell'), 'lower back', 'https://www.youtube.com/embed/yPqv3ejnZvc');
INSERT INTO exercises (exercise_id, exercise_name, motion, level, mechanic, related_equip_id, muscle_group, video_link) VALUES ('Barbell_Full_Squat', 'Barbell Full Squat', 'push', 'intermediate', 'compound', (SELECT equipment_id FROM equipment WHERE equipment_name = 'barbell'), 'quadriceps', 'https://www.youtube.com/embed/PPmvh7gBTi0');
INSERT INTO exercises (exercise_id, exercise_name, motion, level, mechanic, related_equip_id, muscle_group, video_link) VALUES ('Barbell_Glute_Bridge', 'Barbell Glute Bridge', 'push', 'intermediate', 'compound', (SELECT equipment_id FROM equipment WHERE equipment_name = 'barbell'), 'glutes', 'https://www.youtube.com/embed/0od5lwWMGV8');
INSERT INTO exercises (exercise_id, exercise_name, motion, level, mechanic, related_equip_id, muscle_group, video_link) VALUES ('Barbell_Hack_Squat', 'Barbell Hack Squat', 'push', 'intermediate', 'compound', (SELECT equipment_id FROM equipment WHERE equipment_name = 'barbell'), 'quadriceps', 'https://www.youtube.com/embed/EdtaJRBqwes');
INSERT INTO exercises (exercise_id, exercise_name, motion, level, mechanic, related_equip_id, muscle_group, video_link) VALUES ('Barbell_Hip_Thrust', 'Barbell Hip Thrust', 'push', 'intermediate', 'compound', (SELECT equipment_id FROM equipment WHERE equipment_name = 'barbell'), 'glutes', 'https://www.youtube.com/embed/L1qG25DhAk4');
INSERT INTO exercises (exercise_id, exercise_name, motion, level, mechanic, related_equip_id, muscle_group, video_link) VALUES ('Barbell_Lunge', 'Barbell Lunge', 'push', 'intermediate', 'compound', (SELECT equipment_id FROM equipment WHERE equipment_name = 'barbell'), 'quadriceps', 'https://www.youtube.com/embed/NcDtORTfVNQ');
INSERT INTO exercises (exercise_id, exercise_name, motion, level, mechanic, related_equip_id, muscle_group, video_link) VALUES ('Barbell_Rear_Delt_Row', 'Barbell Rear Delt Row', 'pull', 'beginner', 'compound', (SELECT equipment_id FROM equipment WHERE equipment_name = 'barbell'), 'shoulders', 'https://www.youtube.com/embed/XagV4XfG9fo');
INSERT INTO exercises (exercise_id, exercise_name, motion, level, mechanic, related_equip_id, muscle_group, video_link) VALUES ('Barbell_Shoulder_Press', 'Barbell Shoulder Press', 'push', 'intermediate', 'compound', (SELECT equipment_id FROM equipment WHERE equipment_name = 'barbell'), 'shoulders', 'https://www.youtube.com/embed/G2qpTG1Eh40');
INSERT INTO exercises (exercise_id, exercise_name, motion, level, mechanic, related_equip_id, muscle_group, video_link) VALUES ('Barbell_Shrug', 'Barbell Shrug', 'pull', 'beginner', 'isolation', (SELECT equipment_id FROM equipment WHERE equipment_name = 'barbell'), 'traps', 'https://www.youtube.com/embed/zfAHfyTB_Ao');
INSERT INTO exercises (exercise_id, exercise_name, motion, level, mechanic, related_equip_id, muscle_group, video_link) VALUES ('Barbell_Side_Bend', 'Barbell Side Bend', 'pull', 'beginner', 'isolation', (SELECT equipment_id FROM equipment WHERE equipment_name = 'barbell'), 'abdominals', 'https://www.youtube.com/embed/06Vv7GrblPQ');
INSERT INTO exercises (exercise_id, exercise_name, motion, level, mechanic, related_equip_id, muscle_group, video_link) VALUES ('Barbell_Squat', 'Barbell Squat', 'push', 'beginner', 'compound', (SELECT equipment_id FROM equipment WHERE equipment_name = 'barbell'), 'quadriceps', 'https://www.youtube.com/embed/PPmvh7gBTi0');
INSERT INTO exercises (exercise_id, exercise_name, motion, level, mechanic, related_equip_id, muscle_group, video_link) VALUES ('Bear_Crawl_Sled_Drags', 'Bear Crawl Sled Drags', 'push', 'beginner', 'compound', (SELECT equipment_id FROM equipment WHERE equipment_name = 'other'), 'quadriceps', 'https://www.youtube.com/embed/PpQFyr4IBjw');
INSERT INTO exercises (exercise_id, exercise_name, motion, level, mechanic, related_equip_id, muscle_group, video_link) VALUES ('Bench_Dips', 'Bench Dips', 'push', 'beginner', 'compound', (SELECT equipment_id FROM equipment WHERE equipment_name = 'body only'), 'triceps', 'https://www.youtube.com/embed/9llvBAV4RHI');
INSERT INTO exercises (exercise_id, exercise_name, motion, level, mechanic, related_equip_id, muscle_group, video_link) VALUES ('Board_Press', 'Board Press', 'push', 'intermediate', 'compound', (SELECT equipment_id FROM equipment WHERE equipment_name = 'barbell'), 'triceps', 'https://www.youtube.com/embed/iIBp-my013I');
INSERT INTO exercises (exercise_id, exercise_name, motion, level, mechanic, related_equip_id, muscle_group, video_link) VALUES ('Body_Tricep_Press', 'Body Tricep Press', 'push', 'beginner', 'isolation', (SELECT equipment_id FROM equipment WHERE equipment_name = 'body only'), 'triceps', 'https://www.youtube.com/embed/9llvBAV4RHI');
INSERT INTO exercises (exercise_id, exercise_name, motion, level, mechanic, related_equip_id, muscle_group, video_link) VALUES ('Bodyweight_Flyes', 'Bodyweight Flyes', 'push', 'intermediate', 'isolation', (SELECT equipment_id FROM equipment WHERE equipment_name = 'e-z curl bar'), 'chest', 'https://www.youtube.com/embed/bo01Ec12bYU');
INSERT INTO exercises (exercise_id, exercise_name, motion, level, mechanic, related_equip_id, muscle_group, video_link) VALUES ('Bodyweight_Squat', 'Bodyweight Squat', 'push', 'beginner', 'compound', (SELECT equipment_id FROM equipment WHERE equipment_name = 'body only'), 'quadriceps', 'https://www.youtube.com/embed/cSJP4moytoo');
INSERT INTO exercises (exercise_id, exercise_name, motion, level, mechanic, related_equip_id, muscle_group, video_link) VALUES ('Box_Squat', 'Box Squat', 'push', 'intermediate', 'compound', (SELECT equipment_id FROM equipment WHERE equipment_name = 'barbell'), 'quadriceps', 'https://www.youtube.com/embed/rMEPHwNhQfo');
INSERT INTO exercises (exercise_id, exercise_name, motion, level, mechanic, related_equip_id, muscle_group, video_link) VALUES ('Box_Squat_with_Bands', 'Box Squat with Bands', 'push', 'expert', 'compound', (SELECT equipment_id FROM equipment WHERE equipment_name = 'barbell'), 'quadriceps', 'https://www.youtube.com/embed/YQzQVa2JZ1Q');
INSERT INTO exercises (exercise_id, exercise_name, motion, level, mechanic, related_equip_id, muscle_group, video_link) VALUES ('Cable_Chest_Press', 'Cable Chest Press', 'push', 'beginner', 'compound', (SELECT equipment_id FROM equipment WHERE equipment_name = 'cable'), 'chest', 'https://www.youtube.com/embed/NXpRKhXg2P8');
INSERT INTO exercises (exercise_id, exercise_name, motion, level, mechanic, related_equip_id, muscle_group, video_link) VALUES ('Cable_Crossover', 'Cable Crossover', 'push', 'beginner', 'isolation', (SELECT equipment_id FROM equipment WHERE equipment_name = 'cable'), 'chest', 'https://www.youtube.com/embed/JS6mJfBi3XU');
INSERT INTO exercises (exercise_id, exercise_name, motion, level, mechanic, related_equip_id, muscle_group, video_link) VALUES ('Cable_Deadlifts', 'Cable Deadlifts', 'pull', 'beginner', 'compound', (SELECT equipment_id FROM equipment WHERE equipment_name = 'cable'), 'quadriceps', 'https://www.youtube.com/embed/_4U_5JO3oiE');
INSERT INTO exercises (exercise_id, exercise_name, motion, level, mechanic, related_equip_id, muscle_group, video_link) VALUES ('Cable_Hip_Adduction', 'Cable Hip Adduction', 'pull', 'beginner', 'isolation', (SELECT equipment_id FROM equipment WHERE equipment_name = 'cable'), 'quadriceps', 'https://www.youtube.com/embed/EHq78mQYLbI');
INSERT INTO exercises (exercise_id, exercise_name, motion, level, mechanic, related_equip_id, muscle_group, video_link) VALUES ('Cable_Incline_Pushdown', 'Cable Incline Pushdown', 'pull', 'beginner', 'isolation', (SELECT equipment_id FROM equipment WHERE equipment_name = 'cable'), 'lats', 'https://www.youtube.com/embed/JfTCc9cPvOs');
INSERT INTO exercises (exercise_id, exercise_name, motion, level, mechanic, related_equip_id, muscle_group, video_link) VALUES ('Cable_Lying_Triceps_Extension', 'Cable Lying Triceps Extension', 'push', 'beginner', 'isolation', (SELECT equipment_id FROM equipment WHERE equipment_name = 'cable'), 'triceps', 'https://www.youtube.com/embed/MwfWEn04I8I');
INSERT INTO exercises (exercise_id, exercise_name, motion, level, mechanic, related_equip_id, muscle_group, video_link) VALUES ('Cable_Preacher_Curl', 'Cable Preacher Curl', 'pull', 'beginner', 'isolation', (SELECT equipment_id FROM equipment WHERE equipment_name = 'cable'), 'biceps', 'https://www.youtube.com/embed/ZKvn_F1CXGI');
INSERT INTO exercises (exercise_id, exercise_name, motion, level, mechanic, related_equip_id, muscle_group, video_link) VALUES ('Cable_Rear_Delt_Fly', 'Cable Rear Delt Fly', 'pull', 'beginner', 'isolation', (SELECT equipment_id FROM equipment WHERE equipment_name = 'cable'), 'shoulders', 'https://www.youtube.com/embed/bkejPHrPkmA');
INSERT INTO exercises (exercise_id, exercise_name, motion, level, mechanic, related_equip_id, muscle_group, video_link) VALUES ('Cable_Reverse_Crunch', 'Cable Reverse Crunch', 'pull', 'beginner', 'isolation', (SELECT equipment_id FROM equipment WHERE equipment_name = 'cable'), 'abdominals', 'https://www.youtube.com/embed/b8oUb_6POhQ');
INSERT INTO exercises (exercise_id, exercise_name, motion, level, mechanic, related_equip_id, muscle_group, video_link) VALUES ('Cable_Rope_Overhead_Triceps_Extension', 'Cable Rope Overhead Triceps Extension', 'push', 'beginner', 'isolation', (SELECT equipment_id FROM equipment WHERE equipment_name = 'cable'), 'triceps', 'https://www.youtube.com/embed/b5le--KkyH0');
INSERT INTO exercises (exercise_id, exercise_name, motion, level, mechanic, related_equip_id, muscle_group, video_link) VALUES ('Cable_Seated_Lateral_Raise', 'Cable Seated Lateral Raise', 'pull', 'beginner', 'isolation', (SELECT equipment_id FROM equipment WHERE equipment_name = 'cable'), 'shoulders', 'https://www.youtube.com/embed/QbDNpyucYGc');
INSERT INTO exercises (exercise_id, exercise_name, motion, level, mechanic, related_equip_id, muscle_group, video_link) VALUES ('Cable_Shoulder_Press', 'Cable Shoulder Press', 'push', 'beginner', 'compound', (SELECT equipment_id FROM equipment WHERE equipment_name = 'cable'), 'shoulders', 'https://www.youtube.com/embed/rWWuu09kfyY');
INSERT INTO exercises (exercise_id, exercise_name, motion, level, mechanic, related_equip_id, muscle_group, video_link) VALUES ('Cable_Shrugs', 'Cable Shrugs', 'pull', 'beginner', 'isolation', (SELECT equipment_id FROM equipment WHERE equipment_name = 'cable'), 'traps', 'https://www.youtube.com/embed/Wab3-dsZohU');
INSERT INTO exercises (exercise_id, exercise_name, motion, level, mechanic, related_equip_id, muscle_group, video_link) VALUES ('Calf_Press', 'Calf Press', 'push', 'beginner', 'isolation', (SELECT equipment_id FROM equipment WHERE equipment_name = 'machine'), 'calves', 'https://www.youtube.com/embed/7jeGWp1IWyQ');
INSERT INTO exercises (exercise_id, exercise_name, motion, level, mechanic, related_equip_id, muscle_group, video_link) VALUES ('Car_Deadlift', 'Car Deadlift', 'pull', 'intermediate', 'compound', (SELECT equipment_id FROM equipment WHERE equipment_name = 'other'), 'quadriceps', 'https://www.youtube.com/embed/WTkJuFx3Euw');
INSERT INTO exercises (exercise_id, exercise_name, motion, level, mechanic, related_equip_id, muscle_group, video_link) VALUES ('Clean_Deadlift', 'Clean Deadlift', 'pull', 'beginner', 'compound', (SELECT equipment_id FROM equipment WHERE equipment_name = 'barbell'), 'hamstrings', 'https://www.youtube.com/embed/iCWAMA9Zeus');
INSERT INTO exercises (exercise_id, exercise_name, motion, level, mechanic, related_equip_id, muscle_group, video_link) VALUES ('Clean_Pull', 'Clean Pull', 'pull', 'intermediate', 'compound', (SELECT equipment_id FROM equipment WHERE equipment_name = 'barbell'), 'quadriceps', 'https://www.youtube.com/embed/1WuSiyM-knI');
INSERT INTO exercises (exercise_id, exercise_name, motion, level, mechanic, related_equip_id, muscle_group, video_link) VALUES ('Clean_and_Jerk', 'Clean and Jerk', 'push', 'expert', 'compound', (SELECT equipment_id FROM equipment WHERE equipment_name = 'barbell'), 'shoulders', 'https://www.youtube.com/embed/zXs5KQMhsEg');
INSERT INTO exercises (exercise_id, exercise_name, motion, level, mechanic, related_equip_id, muscle_group, video_link) VALUES ('Clean_and_Press', 'Clean and Press', 'push', 'intermediate', 'compound', (SELECT equipment_id FROM equipment WHERE equipment_name = 'barbell'), 'shoulders', 'https://www.youtube.com/embed/KCe8l86-alA');
INSERT INTO exercises (exercise_id, exercise_name, motion, level, mechanic, related_equip_id, muscle_group, video_link) VALUES ('Concentration_Curls', 'Concentration Curls', 'pull', 'beginner', 'isolation', (SELECT equipment_id FROM equipment WHERE equipment_name = 'dumbbell'), 'biceps', 'https://www.youtube.com/embed/cHxRJdSVIkA');
INSERT INTO exercises (exercise_id, exercise_name, motion, level, mechanic, related_equip_id, muscle_group, video_link) VALUES ('Crunches', 'Crunches', 'pull', 'beginner', 'isolation', (SELECT equipment_id FROM equipment WHERE equipment_name = 'body only'), 'abdominals', 'https://www.youtube.com/embed/eeJ_CYqSoT4');
INSERT INTO exercises (exercise_id, exercise_name, motion, level, mechanic, related_equip_id, muscle_group, video_link) VALUES ('Cuban_Press', 'Cuban Press', 'push', 'intermediate', 'compound', (SELECT equipment_id FROM equipment WHERE equipment_name = 'dumbbell'), 'shoulders', 'https://www.youtube.com/embed/67ewzBXws7M');
INSERT INTO exercises (exercise_id, exercise_name, motion, level, mechanic, related_equip_id, muscle_group, video_link) VALUES ('Dead_Bug', 'Dead Bug', 'pull', 'beginner', 'compound', (SELECT equipment_id FROM equipment WHERE equipment_name = 'body only'), 'abdominals', 'https://www.youtube.com/embed/g_BYB0R-4Ws');
INSERT INTO exercises (exercise_id, exercise_name, motion, level, mechanic, related_equip_id, muscle_group, video_link) VALUES ('Deadlift_with_Bands', 'Deadlift with Bands', 'pull', 'expert', 'compound', (SELECT equipment_id FROM equipment WHERE equipment_name = 'barbell'), 'lower back', 'https://www.youtube.com/embed/obM6SBVa-MU');
INSERT INTO exercises (exercise_id, exercise_name, motion, level, mechanic, related_equip_id, muscle_group, video_link) VALUES ('Decline_Barbell_Bench_Press', 'Decline Barbell Bench Press', 'push', 'beginner', 'compound', (SELECT equipment_id FROM equipment WHERE equipment_name = 'barbell'), 'chest', 'https://www.youtube.com/embed/a-UFQE4oxWY');
INSERT INTO exercises (exercise_id, exercise_name, motion, level, mechanic, related_equip_id, muscle_group, video_link) VALUES ('Decline_Crunch', 'Decline Crunch', 'pull', 'intermediate', 'isolation', (SELECT equipment_id FROM equipment WHERE equipment_name = 'body only'), 'abdominals', 'https://www.youtube.com/embed/FRzQXeN1hro');
INSERT INTO exercises (exercise_id, exercise_name, motion, level, mechanic, related_equip_id, muscle_group, video_link) VALUES ('Deficit_Deadlift', 'Deficit Deadlift', 'pull', 'intermediate', 'compound', (SELECT equipment_id FROM equipment WHERE equipment_name = 'barbell'), 'lower back', 'https://www.youtube.com/embed/CpWsUsqBtN8');
INSERT INTO exercises (exercise_id, exercise_name, motion, level, mechanic, related_equip_id, muscle_group, video_link) VALUES ('Dip_Machine', 'Dip Machine', 'push', 'beginner', 'compound', (SELECT equipment_id FROM equipment WHERE equipment_name = 'machine'), 'triceps', 'https://www.youtube.com/embed/VjtZbR05yWs');
INSERT INTO exercises (exercise_id, exercise_name, motion, level, mechanic, related_equip_id, muscle_group, video_link) VALUES ('Donkey_Calf_Raises', 'Donkey Calf Raises', 'push', 'intermediate', 'isolation', (SELECT equipment_id FROM equipment WHERE equipment_name = 'other'), 'calves', 'https://www.youtube.com/embed/r30EoMPSNns');
INSERT INTO exercises (exercise_id, exercise_name, motion, level, mechanic, related_equip_id, muscle_group, video_link) VALUES ('Double_Leg_Butt_Kick', 'Double Leg Butt Kick', 'push', 'beginner', 'compound', (SELECT equipment_id FROM equipment WHERE equipment_name = 'body only'), 'quadriceps', 'https://www.youtube.com/embed/EK6TDotfn4g');
INSERT INTO exercises (exercise_id, exercise_name, motion, level, mechanic, related_equip_id, muscle_group, video_link) VALUES ('Drag_Curl', 'Drag Curl', 'pull', 'intermediate', 'compound', (SELECT equipment_id FROM equipment WHERE equipment_name = 'barbell'), 'biceps', 'https://www.youtube.com/embed/K1baXRg-OG8');
INSERT INTO exercises (exercise_id, exercise_name, motion, level, mechanic, related_equip_id, muscle_group, video_link) VALUES ('Dumbbell_Alternate_Bicep_Curl', 'Dumbbell Alternate Bicep Curl', 'pull', 'beginner', 'isolation', (SELECT equipment_id FROM equipment WHERE equipment_name = 'dumbbell'), 'biceps', 'https://www.youtube.com/embed/sAq_ocpRh_I');
INSERT INTO exercises (exercise_id, exercise_name, motion, level, mechanic, related_equip_id, muscle_group, video_link) VALUES ('Dumbbell_Bench_Press', 'Dumbbell Bench Press', 'push', 'beginner', 'compound', (SELECT equipment_id FROM equipment WHERE equipment_name = 'dumbbell'), 'chest', 'https://www.youtube.com/embed/1V3vpcaxRYQ');
INSERT INTO exercises (exercise_id, exercise_name, motion, level, mechanic, related_equip_id, muscle_group, video_link) VALUES ('Dumbbell_Flyes', 'Dumbbell Flyes', 'push', 'beginner', 'isolation', (SELECT equipment_id FROM equipment WHERE equipment_name = 'dumbbell'), 'chest', 'https://www.youtube.com/embed/Jz7oEmzhnfE');
INSERT INTO exercises (exercise_id, exercise_name, motion, level, mechanic, related_equip_id, muscle_group, video_link) VALUES ('Dumbbell_Lunges', 'Dumbbell Lunges', 'push', 'beginner', 'compound', (SELECT equipment_id FROM equipment WHERE equipment_name = 'dumbbell'), 'quadriceps', 'https://www.youtube.com/embed/xvC10-eCuXs');
INSERT INTO exercises (exercise_id, exercise_name, motion, level, mechanic, related_equip_id, muscle_group, video_link) VALUES ('Dumbbell_Shoulder_Press', 'Dumbbell Shoulder Press', 'push', 'intermediate', 'compound', (SELECT equipment_id FROM equipment WHERE equipment_name = 'dumbbell'), 'shoulders', 'https://www.youtube.com/embed/k6tzKisR3NY');
INSERT INTO exercises (exercise_id, exercise_name, motion, level, mechanic, related_equip_id, muscle_group, video_link) VALUES ('Dumbbell_Shrug', 'Dumbbell Shrug', 'pull', 'beginner', 'isolation', (SELECT equipment_id FROM equipment WHERE equipment_name = 'dumbbell'), 'traps', 'https://www.youtube.com/embed/yqzRYcOMx2Q');
INSERT INTO exercises (exercise_id, exercise_name, motion, level, mechanic, related_equip_id, muscle_group, video_link) VALUES ('Dumbbell_Side_Bend', 'Dumbbell Side Bend', 'pull', 'beginner', 'isolation', (SELECT equipment_id FROM equipment WHERE equipment_name = 'dumbbell'), 'abdominals', 'https://www.youtube.com/embed/mjRUPpMh988');
INSERT INTO exercises (exercise_id, exercise_name, motion, level, mechanic, related_equip_id, muscle_group, video_link) VALUES ('Dumbbell_Squat', 'Dumbbell Squat', 'push', 'beginner', 'compound', (SELECT equipment_id FROM equipment WHERE equipment_name = 'dumbbell'), 'quadriceps', 'https://www.youtube.com/embed/OTyb4YUDYYY');
INSERT INTO exercises (exercise_id, exercise_name, motion, level, mechanic, related_equip_id, muscle_group, video_link) VALUES ('Elbow_to_Knee', 'Elbow to Knee', 'pull', 'beginner', 'compound', (SELECT equipment_id FROM equipment WHERE equipment_name = 'body only'), 'abdominals', 'https://www.youtube.com/embed/RBzKSMOIHXQ');
INSERT INTO exercises (exercise_id, exercise_name, motion, level, mechanic, related_equip_id, muscle_group, video_link) VALUES ('Elevated_Back_Lunge', 'Elevated Back Lunge', 'push', 'intermediate', 'compound', (SELECT equipment_id FROM equipment WHERE equipment_name = 'barbell'), 'quadriceps', 'https://www.youtube.com/embed/52YfJNg7S5M');
INSERT INTO exercises (exercise_id, exercise_name, motion, level, mechanic, related_equip_id, muscle_group, video_link) VALUES ('Exercise_Ball_Crunch', 'Exercise Ball Crunch', 'pull', 'beginner', 'isolation', (SELECT equipment_id FROM equipment WHERE equipment_name = 'exercise ball'), 'abdominals', 'https://www.youtube.com/embed/Imui46JTe7s');
INSERT INTO exercises (exercise_id, exercise_name, motion, level, mechanic, related_equip_id, muscle_group, video_link) VALUES ('External_Rotation_with_Band', 'External Rotation with Band', 'pull', 'beginner', 'compound', (SELECT equipment_id FROM equipment WHERE equipment_name = 'bands'), 'shoulders', 'https://www.youtube.com/embed/dS9ORQCnWsE');
INSERT INTO exercises (exercise_id, exercise_name, motion, level, mechanic, related_equip_id, muscle_group, video_link) VALUES ('Face_Pull', 'Face Pull', 'pull', 'intermediate', 'compound', (SELECT equipment_id FROM equipment WHERE equipment_name = 'cable'), 'shoulders', 'https://www.youtube.com/embed/8686PLZB_1Q');
INSERT INTO exercises (exercise_id, exercise_name, motion, level, mechanic, related_equip_id, muscle_group, video_link) VALUES ('Finger_Curls', 'Finger Curls', 'pull', 'beginner', 'isolation', (SELECT equipment_id FROM equipment WHERE equipment_name = 'barbell'), 'forearms', 'https://www.youtube.com/embed/nH3lICeG5rg');
INSERT INTO exercises (exercise_id, exercise_name, motion, level, mechanic, related_equip_id, muscle_group, video_link) VALUES ('Flat_Bench_Cable_Flyes', 'Flat Bench Cable Flyes', 'push', 'intermediate', 'isolation', (SELECT equipment_id FROM equipment WHERE equipment_name = 'cable'), 'chest', 'https://www.youtube.com/embed/m2VICOCWDA0');
INSERT INTO exercises (exercise_id, exercise_name, motion, level, mechanic, related_equip_id, muscle_group, video_link) VALUES ('Flutter_Kicks', 'Flutter Kicks', 'pull', 'beginner', 'compound', (SELECT equipment_id FROM equipment WHERE equipment_name = 'body only'), 'glutes', 'https://www.youtube.com/embed/ZB1SwBRVLCc');
INSERT INTO exercises (exercise_id, exercise_name, motion, level, mechanic, related_equip_id, muscle_group, video_link) VALUES ('Front_Barbell_Squat', 'Front Barbell Squat', 'push', 'expert', 'compound', (SELECT equipment_id FROM equipment WHERE equipment_name = 'barbell'), 'quadriceps', 'https://www.youtube.com/embed/v-mQm_droHg');
INSERT INTO exercises (exercise_id, exercise_name, motion, level, mechanic, related_equip_id, muscle_group, video_link) VALUES ('Front_Box_Jump', 'Front Box Jump', 'push', 'beginner', 'compound', (SELECT equipment_id FROM equipment WHERE equipment_name = 'other'), 'hamstrings', 'https://www.youtube.com/embed/Oj4dfFZbA54');
INSERT INTO exercises (exercise_id, exercise_name, motion, level, mechanic, related_equip_id, muscle_group, video_link) VALUES ('Front_Cable_Raise', 'Front Cable Raise', 'push', 'beginner', 'isolation', (SELECT equipment_id FROM equipment WHERE equipment_name = 'cable'), 'shoulders', 'https://www.youtube.com/embed/6JuZvbc6TJo');
INSERT INTO exercises (exercise_id, exercise_name, motion, level, mechanic, related_equip_id, muscle_group, video_link) VALUES ('Front_Dumbbell_Raise', 'Front Dumbbell Raise', 'push', 'beginner', 'isolation', (SELECT equipment_id FROM equipment WHERE equipment_name = 'dumbbell'), 'shoulders', 'https://www.youtube.com/embed/yHx8wPv4RPo');
INSERT INTO exercises (exercise_id, exercise_name, motion, level, mechanic, related_equip_id, muscle_group, video_link) VALUES ('Front_Squat_(Clean_Grip)', 'Front Squat (Clean Grip)', 'push', 'intermediate', 'compound', (SELECT equipment_id FROM equipment WHERE equipment_name = 'barbell'), 'quadriceps', 'https://www.youtube.com/embed/tW2H0Ib_hQw');
INSERT INTO exercises (exercise_id, exercise_name, motion, level, mechanic, related_equip_id, muscle_group, video_link) VALUES ('Glute_Ham_Raise', 'Glute Ham Raise', 'pull', 'intermediate', 'compound', (SELECT equipment_id FROM equipment WHERE equipment_name = 'machine'), 'hamstrings', 'https://www.youtube.com/embed/SBGYSfoqyfU');
INSERT INTO exercises (exercise_id, exercise_name, motion, level, mechanic, related_equip_id, muscle_group, video_link) VALUES ('Goblet_Squat', 'Goblet Squat', 'push', 'beginner', 'compound', (SELECT equipment_id FROM equipment WHERE equipment_name = 'kettlebells'), 'quadriceps', 'https://www.youtube.com/embed/wzx1t-0RA0k');
INSERT INTO exercises (exercise_id, exercise_name, motion, level, mechanic, related_equip_id, muscle_group, video_link) VALUES ('Good_Morning', 'Good Morning', 'push', 'intermediate', 'compound', (SELECT equipment_id FROM equipment WHERE equipment_name = 'barbell'), 'hamstrings', 'https://www.youtube.com/embed/CuI_p7a9VGs');
INSERT INTO exercises (exercise_id, exercise_name, motion, level, mechanic, related_equip_id, muscle_group, video_link) VALUES ('Gorilla_Chin/Crunch', 'Gorilla Chin/Crunch', 'pull', 'intermediate', 'compound', (SELECT equipment_id FROM equipment WHERE equipment_name = 'body only'), 'abdominals', 'https://www.youtube.com/embed/4cXIO4_HGsw');
INSERT INTO exercises (exercise_id, exercise_name, motion, level, mechanic, related_equip_id, muscle_group, video_link) VALUES ('Groiners', 'Groiners', 'pull', 'intermediate', 'compound', (SELECT equipment_id FROM equipment WHERE equipment_name = 'body only'), 'adductors', 'https://www.youtube.com/embed/qbVI_1Gzzlo');
INSERT INTO exercises (exercise_id, exercise_name, motion, level, mechanic, related_equip_id, muscle_group, video_link) VALUES ('Hack_Squat', 'Hack Squat', 'push', 'beginner', 'compound', (SELECT equipment_id FROM equipment WHERE equipment_name = 'machine'), 'quadriceps', 'https://www.youtube.com/embed/UBlosNrhi2M');
INSERT INTO exercises (exercise_id, exercise_name, motion, level, mechanic, related_equip_id, muscle_group, video_link) VALUES ('Hammer_Curls', 'Hammer Curls', 'pull', 'beginner', 'isolation', (SELECT equipment_id FROM equipment WHERE equipment_name = 'dumbbell'), 'biceps', 'https://www.youtube.com/embed/BRVDS6HVR9Q');
INSERT INTO exercises (exercise_id, exercise_name, motion, level, mechanic, related_equip_id, muscle_group, video_link) VALUES ('Hang_Clean', 'Hang Clean', 'pull', 'intermediate', 'compound', (SELECT equipment_id FROM equipment WHERE equipment_name = 'barbell'), 'quadriceps', 'https://www.youtube.com/embed/WCdhjfg7fv4');
INSERT INTO exercises (exercise_id, exercise_name, motion, level, mechanic, related_equip_id, muscle_group, video_link) VALUES ('Hang_Snatch', 'Hang Snatch', 'pull', 'expert', 'compound', (SELECT equipment_id FROM equipment WHERE equipment_name = 'barbell'), 'hamstrings', 'https://www.youtube.com/embed/oQ1TNH8k4mg');
INSERT INTO exercises (exercise_id, exercise_name, motion, level, mechanic, related_equip_id, muscle_group, video_link) VALUES ('Heaving_Snatch_Balance', 'Heaving Snatch Balance', 'push', 'intermediate', 'compound', (SELECT equipment_id FROM equipment WHERE equipment_name = 'barbell'), 'quadriceps', 'https://www.youtube.com/embed/xoXwoXoJo_Y');
INSERT INTO exercises (exercise_id, exercise_name, motion, level, mechanic, related_equip_id, muscle_group, video_link) VALUES ('High_Cable_Curls', 'High Cable Curls', 'pull', 'intermediate', 'compound', (SELECT equipment_id FROM equipment WHERE equipment_name = 'cable'), 'biceps', 'https://www.youtube.com/embed/xaMJYDzqTZg');
INSERT INTO exercises (exercise_id, exercise_name, motion, level, mechanic, related_equip_id, muscle_group, video_link) VALUES ('Hip_Extension_with_Bands', 'Hip Extension with Bands', 'push', 'beginner', 'compound', (SELECT equipment_id FROM equipment WHERE equipment_name = 'bands'), 'glutes', 'https://www.youtube.com/embed/UHQt49fxraQ');
INSERT INTO exercises (exercise_id, exercise_name, motion, level, mechanic, related_equip_id, muscle_group, video_link) VALUES ('Hip_Lift_with_Band', 'Hip Lift with Band', 'push', 'beginner', 'compound', (SELECT equipment_id FROM equipment WHERE equipment_name = 'bands'), 'glutes', 'https://www.youtube.com/embed/p7cFEtMC68g');
INSERT INTO exercises (exercise_id, exercise_name, motion, level, mechanic, related_equip_id, muscle_group, video_link) VALUES ('Hurdle_Hops', 'Hurdle Hops', 'push', 'beginner', 'compound', (SELECT equipment_id FROM equipment WHERE equipment_name = 'other'), 'hamstrings', 'https://www.youtube.com/embed/xRTOSiBKEnM');
INSERT INTO exercises (exercise_id, exercise_name, motion, level, mechanic, related_equip_id, muscle_group, video_link) VALUES ('Hyperextensions_(Back_Extensions)', 'Hyperextensions (Back Extensions)', 'pull', 'beginner', 'isolation', (SELECT equipment_id FROM equipment WHERE equipment_name = 'other'), 'lower back', 'https://www.youtube.com/embed/GcT1ntwkjZ0');
INSERT INTO exercises (exercise_id, exercise_name, motion, level, mechanic, related_equip_id, muscle_group, video_link) VALUES ('Incline_Bench_Pull', 'Incline Bench Pull', 'pull', 'beginner', 'isolation', (SELECT equipment_id FROM equipment WHERE equipment_name = 'barbell'), 'middle back', 'https://www.youtube.com/embed/50vRvFaTQvg');
INSERT INTO exercises (exercise_id, exercise_name, motion, level, mechanic, related_equip_id, muscle_group, video_link) VALUES ('Incline_Cable_Flye', 'Incline Cable Flye', 'push', 'intermediate', 'isolation', (SELECT equipment_id FROM equipment WHERE equipment_name = 'cable'), 'chest', 'https://www.youtube.com/embed/LGDCjwO-hFg');
INSERT INTO exercises (exercise_id, exercise_name, motion, level, mechanic, related_equip_id, muscle_group, video_link) VALUES ('Incline_Dumbbell_Curl', 'Incline Dumbbell Curl', 'pull', 'beginner', 'isolation', (SELECT equipment_id FROM equipment WHERE equipment_name = 'dumbbell'), 'biceps', 'https://www.youtube.com/embed/XhIsIcjIbCw');
INSERT INTO exercises (exercise_id, exercise_name, motion, level, mechanic, related_equip_id, muscle_group, video_link) VALUES ('Incline_Dumbbell_Press', 'Incline Dumbbell Press', 'push', 'beginner', 'compound', (SELECT equipment_id FROM equipment WHERE equipment_name = 'dumbbell'), 'chest', 'https://www.youtube.com/embed/ou6s32mJgjU');
INSERT INTO exercises (exercise_id, exercise_name, motion, level, mechanic, related_equip_id, muscle_group, video_link) VALUES ('Incline_Hammer_Curls', 'Incline Hammer Curls', 'pull', 'beginner', 'isolation', (SELECT equipment_id FROM equipment WHERE equipment_name = 'dumbbell'), 'biceps', 'https://www.youtube.com/embed/8Af8ZxOsG2o');
INSERT INTO exercises (exercise_id, exercise_name, motion, level, mechanic, related_equip_id, muscle_group, video_link) VALUES ('Inverted_Row_with_Straps', 'Inverted Row with Straps', 'pull', 'beginner', 'compound', (SELECT equipment_id FROM equipment WHERE equipment_name = 'other'), 'middle back', 'https://www.youtube.com/embed/2Zsso20AyD8');
INSERT INTO exercises (exercise_id, exercise_name, motion, level, mechanic, related_equip_id, muscle_group, video_link) VALUES ('Isometric_Chest_Squeezes', 'Isometric Chest Squeezes', 'static', 'beginner', 'compound', (SELECT equipment_id FROM equipment WHERE equipment_name = 'body only'), 'chest', 'https://www.youtube.com/embed/LKP1YiVV0y8');
INSERT INTO exercises (exercise_id, exercise_name, motion, level, mechanic, related_equip_id, muscle_group, video_link) VALUES ('JM_Press', 'JM Press', 'push', 'beginner', 'compound', (SELECT equipment_id FROM equipment WHERE equipment_name = 'barbell'), 'triceps', 'https://www.youtube.com/embed/Tih5iHyELsE');
INSERT INTO exercises (exercise_id, exercise_name, motion, level, mechanic, related_equip_id, muscle_group, video_link) VALUES ('Jefferson_Squats', 'Jefferson Squats', 'push', 'intermediate', 'compound', (SELECT equipment_id FROM equipment WHERE equipment_name = 'barbell'), 'quadriceps', 'https://www.youtube.com/embed/VzQhgHPoi4s');
INSERT INTO exercises (exercise_id, exercise_name, motion, level, mechanic, related_equip_id, muscle_group, video_link) VALUES ('Jerk_Balance', 'Jerk Balance', 'push', 'intermediate', 'compound', (SELECT equipment_id FROM equipment WHERE equipment_name = 'barbell'), 'shoulders', 'https://www.youtube.com/embed/VWU_0OwXoPQ');
INSERT INTO exercises (exercise_id, exercise_name, motion, level, mechanic, related_equip_id, muscle_group, video_link) VALUES ('Kettlebell_Arnold_Press', 'Kettlebell Arnold Press', 'push', 'intermediate', 'compound', (SELECT equipment_id FROM equipment WHERE equipment_name = 'kettlebells'), 'shoulders', 'https://www.youtube.com/embed/L36mHHEUpds');
INSERT INTO exercises (exercise_id, exercise_name, motion, level, mechanic, related_equip_id, muscle_group, video_link) VALUES ('Kettlebell_Dead_Clean', 'Kettlebell Dead Clean', 'pull', 'intermediate', 'compound', (SELECT equipment_id FROM equipment WHERE equipment_name = 'kettlebells'), 'hamstrings', 'https://www.youtube.com/embed/U8l1NHKHQxI');
INSERT INTO exercises (exercise_id, exercise_name, motion, level, mechanic, related_equip_id, muscle_group, video_link) VALUES ('Kettlebell_Hang_Clean', 'Kettlebell Hang Clean', 'pull', 'intermediate', 'compound', (SELECT equipment_id FROM equipment WHERE equipment_name = 'kettlebells'), 'hamstrings', 'https://www.youtube.com/embed/Z8zvgkiFmNQ');
INSERT INTO exercises (exercise_id, exercise_name, motion, level, mechanic, related_equip_id, muscle_group, video_link) VALUES ('Kettlebell_Thruster', 'Kettlebell Thruster', 'push', 'intermediate', 'compound', (SELECT equipment_id FROM equipment WHERE equipment_name = 'kettlebells'), 'shoulders', 'https://www.youtube.com/embed/2qRbPR72N4Y');
INSERT INTO exercises (exercise_id, exercise_name, motion, level, mechanic, related_equip_id, muscle_group, video_link) VALUES ('Kipping_Muscle_Up', 'Kipping Muscle Up', 'pull', 'intermediate', 'compound', (SELECT equipment_id FROM equipment WHERE equipment_name = 'other'), 'lats', 'https://www.youtube.com/embed/OCg3UXgzftc');
INSERT INTO exercises (exercise_id, exercise_name, motion, level, mechanic, related_equip_id, muscle_group, video_link) VALUES ('Knee_Circles', 'Knee Circles', 'pull', 'beginner', 'compound', (SELECT equipment_id FROM equipment WHERE equipment_name = 'body only'), 'calves', 'https://www.youtube.com/embed/92owncvIHlY');
INSERT INTO exercises (exercise_id, exercise_name, motion, level, mechanic, related_equip_id, muscle_group, video_link) VALUES ('Knee_Tuck_Jump', 'Knee Tuck Jump', 'push', 'beginner', 'compound', (SELECT equipment_id FROM equipment WHERE equipment_name = 'body only'), 'hamstrings', 'https://www.youtube.com/embed/szR6ok7JDy8');
INSERT INTO exercises (exercise_id, exercise_name, motion, level, mechanic, related_equip_id, muscle_group, video_link) VALUES ('Lateral_Bound', 'Lateral Bound', 'push', 'beginner', 'compound', (SELECT equipment_id FROM equipment WHERE equipment_name = 'body only'), 'adductors', 'https://www.youtube.com/embed/Hc9_FQgIeeg');
INSERT INTO exercises (exercise_id, exercise_name, motion, level, mechanic, related_equip_id, muscle_group, video_link) VALUES ('Leg_Extensions', 'Leg Extensions', 'push', 'beginner', 'isolation', (SELECT equipment_id FROM equipment WHERE equipment_name = 'machine'), 'quadriceps', 'https://www.youtube.com/embed/MpEydcQ1oDw');
INSERT INTO exercises (exercise_id, exercise_name, motion, level, mechanic, related_equip_id, muscle_group, video_link) VALUES ('Leg_Press', 'Leg Press', 'push', 'beginner', 'compound', (SELECT equipment_id FROM equipment WHERE equipment_name = 'machine'), 'quadriceps', 'https://www.youtube.com/embed/p5dCqF7wWUw');
INSERT INTO exercises (exercise_id, exercise_name, motion, level, mechanic, related_equip_id, muscle_group, video_link) VALUES ('Lying_Leg_Curls', 'Lying Leg Curls', 'pull', 'beginner', 'isolation', (SELECT equipment_id FROM equipment WHERE equipment_name = 'machine'), 'hamstrings', 'https://www.youtube.com/embed/ANKSmhT0dTk');
INSERT INTO exercises (exercise_id, exercise_name, motion, level, mechanic, related_equip_id, muscle_group, video_link) VALUES ('Machine_Bench_Press', 'Machine Bench Press', 'push', 'beginner', 'compound', (SELECT equipment_id FROM equipment WHERE equipment_name = 'machine'), 'chest', 'https://www.youtube.com/embed/cp3W7QYpPms');
INSERT INTO exercises (exercise_id, exercise_name, motion, level, mechanic, related_equip_id, muscle_group, video_link) VALUES ('Machine_Bicep_Curl', 'Machine Bicep Curl', 'pull', 'beginner', 'isolation', (SELECT equipment_id FROM equipment WHERE equipment_name = 'machine'), 'biceps', 'https://www.youtube.com/embed/XFAYzZgcbSc');
INSERT INTO exercises (exercise_id, exercise_name, motion, level, mechanic, related_equip_id, muscle_group, video_link) VALUES ('Medicine_Ball_Scoop_Throw', 'Medicine Ball Scoop Throw', 'push', 'beginner', 'compound', (SELECT equipment_id FROM equipment WHERE equipment_name = 'medicine ball'), 'shoulders', 'https://www.youtube.com/embed/mxf1D3NtxMo');
INSERT INTO exercises (exercise_id, exercise_name, motion, level, mechanic, related_equip_id, muscle_group, video_link) VALUES ('Monster_Walk', 'Monster Walk', 'pull', 'beginner', 'compound', (SELECT equipment_id FROM equipment WHERE equipment_name = 'bands'), 'abductors', 'https://www.youtube.com/embed/snbNxUIUQPc');
INSERT INTO exercises (exercise_id, exercise_name, motion, level, mechanic, related_equip_id, muscle_group, video_link) VALUES ('Muscle_Up', 'Muscle Up', 'pull', 'intermediate', 'compound', (SELECT equipment_id FROM equipment WHERE equipment_name = 'other'), 'lats', 'https://www.youtube.com/embed/469LWJddIio');
INSERT INTO exercises (exercise_id, exercise_name, motion, level, mechanic, related_equip_id, muscle_group, video_link) VALUES ('Narrow_Stance_Leg_Press', 'Narrow Stance Leg Press', 'push', 'intermediate', 'compound', (SELECT equipment_id FROM equipment WHERE equipment_name = 'machine'), 'quadriceps', 'https://www.youtube.com/embed/0LIk95w0r4U');
INSERT INTO exercises (exercise_id, exercise_name, motion, level, mechanic, related_equip_id, muscle_group, video_link) VALUES ('Natural_Glute_Ham_Raise', 'Natural Glute Ham Raise', 'pull', 'intermediate', 'compound', (SELECT equipment_id FROM equipment WHERE equipment_name = 'body only'), 'hamstrings', 'https://www.youtube.com/embed/BB7AelgbrAg');
INSERT INTO exercises (exercise_id, exercise_name, motion, level, mechanic, related_equip_id, muscle_group, video_link) VALUES ('Oblique_Crunches', 'Oblique Crunches', 'pull', 'beginner', 'isolation', (SELECT equipment_id FROM equipment WHERE equipment_name = 'body only'), 'abdominals', 'https://www.youtube.com/embed/AcvfBd9C2kA');
INSERT INTO exercises (exercise_id, exercise_name, motion, level, mechanic, related_equip_id, muscle_group, video_link) VALUES ('Olympic_Squat', 'Olympic Squat', 'push', 'intermediate', 'compound', (SELECT equipment_id FROM equipment WHERE equipment_name = 'barbell'), 'quadriceps', 'https://www.youtube.com/embed/-sM5af2545M');
INSERT INTO exercises (exercise_id, exercise_name, motion, level, mechanic, related_equip_id, muscle_group, video_link) VALUES ('Pallof_Press', 'Pallof Press', 'pull', 'beginner', 'isolation', (SELECT equipment_id FROM equipment WHERE equipment_name = 'cable'), 'abdominals', 'https://www.youtube.com/embed/ma2OjgP5XDc');
INSERT INTO exercises (exercise_id, exercise_name, motion, level, mechanic, related_equip_id, muscle_group, video_link) VALUES ('Plank', 'Plank', 'static', 'beginner', 'isolation', (SELECT equipment_id FROM equipment WHERE equipment_name = 'body only'), 'abdominals', 'https://www.youtube.com/embed/pvIjsG5Svck');
INSERT INTO exercises (exercise_id, exercise_name, motion, level, mechanic, related_equip_id, muscle_group, video_link) VALUES ('Plate_Twist', 'Plate Twist', 'pull', 'intermediate', 'compound', (SELECT equipment_id FROM equipment WHERE equipment_name = 'other'), 'abdominals', 'https://www.youtube.com/embed/HfabxzkQPdg');
INSERT INTO exercises (exercise_id, exercise_name, motion, level, mechanic, related_equip_id, muscle_group, video_link) VALUES ('Power_Clean', 'Power Clean', 'pull', 'intermediate', 'compound', (SELECT equipment_id FROM equipment WHERE equipment_name = 'barbell'), 'hamstrings', 'https://www.youtube.com/embed/GVt4uQ0sDJE');
INSERT INTO exercises (exercise_id, exercise_name, motion, level, mechanic, related_equip_id, muscle_group, video_link) VALUES ('Preacher_Curl', 'Preacher Curl', 'pull', 'beginner', 'isolation', (SELECT equipment_id FROM equipment WHERE equipment_name = 'barbell'), 'biceps', 'https://www.youtube.com/embed/tciCEtwnGuc');
INSERT INTO exercises (exercise_id, exercise_name, motion, level, mechanic, related_equip_id, muscle_group, video_link) VALUES ('Push_Press', 'Push Press', 'push', 'expert', 'compound', (SELECT equipment_id FROM equipment WHERE equipment_name = 'barbell'), 'shoulders', 'https://www.youtube.com/embed/MDE7fgut2Zs');
INSERT INTO exercises (exercise_id, exercise_name, motion, level, mechanic, related_equip_id, muscle_group, video_link) VALUES ('Romanian_Deadlift', 'Romanian Deadlift', 'pull', 'intermediate', 'compound', (SELECT equipment_id FROM equipment WHERE equipment_name = 'barbell'), 'hamstrings', 'https://www.youtube.com/embed/5rIqP63yWFg');
INSERT INTO exercises (exercise_id, exercise_name, motion, level, mechanic, related_equip_id, muscle_group, video_link) VALUES ('Rope_Crunch', 'Rope Crunch', 'pull', 'beginner', 'isolation', (SELECT equipment_id FROM equipment WHERE equipment_name = 'cable'), 'abdominals', 'https://www.youtube.com/embed/dkGwcfo9zto');
INSERT INTO exercises (exercise_id, exercise_name, motion, level, mechanic, related_equip_id, muscle_group, video_link) VALUES ('Russian_Twist', 'Russian Twist', 'pull', 'intermediate', 'compound', (SELECT equipment_id FROM equipment WHERE equipment_name = 'body only'), 'abdominals', 'https://www.youtube.com/embed/-BzNffL_6YE');
INSERT INTO exercises (exercise_id, exercise_name, motion, level, mechanic, related_equip_id, muscle_group, video_link) VALUES ('Seated_Cable_Rows', 'Seated Cable Rows', 'pull', 'beginner', 'compound', (SELECT equipment_id FROM equipment WHERE equipment_name = 'cable'), 'middle back', 'https://www.youtube.com/embed/UCXxvVItLoM');
INSERT INTO exercises (exercise_id, exercise_name, motion, level, mechanic, related_equip_id, muscle_group, video_link) VALUES ('Smith_Machine_Bench_Press', 'Smith Machine Bench Press', 'push', 'beginner', 'compound', (SELECT equipment_id FROM equipment WHERE equipment_name = 'machine'), 'chest', 'https://www.youtube.com/embed/IsouKm937Ug');
